,school_name,link,Tourney,g,wins,losses,win_loss_pct,srs,sos,wins_conf,losses_conf,wins_home,losses_home,wins_visitor,losses_visitor,pts,opp_pts,pace,off_rtg,fta_per_fga_pct,fg3a_per_fga_pct,ts_pct,trb_pct,ast_pct,stl_pct,blk_pct,efg_pct,tov_pct,orb_pct,ft_rate,opp_pace,opp_off_rtg,opp_fta_per_fga_pct,opp_fg3a_per_fga_pct,opp_ts_pct,opp_trb_pct,opp_ast_pct,opp_stl_pct,opp_blk_pct,opp_efg_pct,opp_tov_pct,opp_orb_pct,opp_ft_rate
0,Abilene Christian,/cbb/schools/abilene-christian/men/2015.html,False,31,10,21,.323,-17.20,-6.34,4,14,7,6,1,14,1976,2186,65.9,96.7,.289,.362,.516,44.6,56.7,9.9,3.6,.482,17.2,25.5,.210,65.9,107.0,.473,.327,.573,55.4,50.1,8.8,11.6,.539,19.2,33.4,.325
1,Air Force,/cbb/schools/air-force/men/2015.html,False,31,14,17,.452,-1.85,-0.71,6,12,11,5,1,11,2037,2017,61.1,107.1,.311,.399,.567,49.4,65.1,10.3,7.4,.548,16.9,29.1,.205,61.1,106.1,.349,.444,.551,50.6,64.3,9.6,11.3,.522,17.3,31.7,.240
2,Akron,/cbb/schools/akron/men/2015.html,False,35,21,14,.600,3.65,-0.47,9,9,15,3,2,9,2382,2203,64.7,104.8,.311,.473,.523,50.5,52.8,10.1,12.1,.498,15.6,33.4,.205,64.7,96.9,.410,.310,.498,49.5,48.8,10.6,9.2,.455,16.7,31.8,.278
3,Alabama,/cbb/schools/alabama/men/2015.html,False,34,19,15,.559,10.52,8.09,8,10,14,5,4,8,2280,2180,63.1,105.4,.436,.404,.548,49.7,46.1,10.1,11.1,.505,16.4,30.0,.313,63.1,100.8,.392,.370,.513,50.3,54.3,8.1,8.0,.471,16.4,32.1,.277
4,Alabama A&M,/cbb/schools/alabama-am/men/2015.html,False,29,9,20,.310,-17.15,-9.62,8,10,4,7,5,12,1797,1988,64.5,95.6,.419,.376,.489,49.5,58.2,8.8,6.1,.451,18.3,35.8,.271,64.5,105.8,.412,.293,.526,50.5,47.6,10.8,9.1,.499,15.4,36.3,.259
5,Alabama State,/cbb/schools/alabama-state/men/2015.html,False,29,19,10,.655,-8.97,-12.71,14,4,9,3,8,5,2090,1937,69.8,102.9,.350,.276,.515,53.5,51.6,9.1,10.6,.487,16.4,35.9,.228,69.8,95.3,.356,.308,.500,46.5,49.6,10.3,6.8,.469,16.9,28.5,.230
6,Albany (NY),/cbb/schools/albany-ny/men/2015.html,True,33,24,9,.727,-0.34,-5.18,15,1,12,3,12,5,2156,1996,61.2,106.4,.390,.343,.546,53.5,47.9,9.2,5.5,.499,16.2,32.6,.296,61.2,98.5,.303,.416,.527,46.5,54.5,7.8,10.6,.496,17.7,26.1,.212
7,Alcorn State,/cbb/schools/alcorn-state/men/2015.html,False,32,6,26,.188,-20.75,-9.95,4,14,4,7,1,15,2066,2377,68.2,94.7,.378,.297,.470,46.4,39.4,8.8,6.7,.430,14.3,31.2,.248,68.2,108.9,.396,.290,.553,53.6,49.2,7.5,8.2,.523,15.6,35.8,.269
8,American,/cbb/schools/american/men/2015.html,False,33,17,16,.515,-3.56,-3.71,8,10,8,3,7,13,1938,1933,57.0,101.5,.344,.386,.563,45.7,59.7,10.3,8.0,.534,17.7,21.4,.243,57.0,101.2,.331,.325,.538,54.3,51.1,8.7,10.0,.511,18.8,31.5,.224
9,Appalachian State,/cbb/schools/appalachian-state/men/2015.html,False,29,12,17,.414,-9.81,-3.18,9,11,7,5,5,12,1841,2033,66.5,95.5,.335,.367,.496,49.9,49.9,6.3,5.4,.456,17.6,31.2,.238,66.5,105.4,.375,.294,.538,50.1,49.5,9.3,9.2,.506,14.9,29.9,.256
10,Arizona,/cbb/schools/arizona/men/2015.html,True,38,34,4,.895,24.33,7.41,16,2,17,0,8,3,2911,2268,66.5,114.8,.471,.259,.575,56.8,52.3,10.8,9.8,.535,14.2,34.5,.338,66.5,89.4,.373,.315,.494,43.2,47.6,7.1,6.3,.451,18.5,22.4,.260
11,Arizona State,/cbb/schools/arizona-state/men/2015.html,False,34,18,16,.529,9.52,6.66,9,9,15,3,3,10,2360,2263,66.0,103.3,.421,.363,.541,52.9,53.3,8.7,6.1,.509,17.8,31.8,.281,66.0,99.0,.341,.285,.535,47.1,51.4,9.1,12.4,.502,17.1,25.1,.238
12,Arkansas,/cbb/schools/arkansas/men/2015.html,True,36,27,9,.750,14.07,6.79,13,5,17,2,7,5,2787,2525,70.1,109.6,.373,.310,.539,50.2,59.2,10.9,12.0,.500,14.3,35.7,.270,70.1,99.3,.388,.312,.525,49.8,51.6,8.1,6.9,.483,19.1,34.6,.278
13,Arkansas State,/cbb/schools/arkansas-state/men/2015.html,False,29,11,18,.379,-10.10,-3.81,6,14,5,9,6,9,1869,2018,66.9,95.5,.325,.315,.496,49.1,48.3,7.9,8.1,.459,17.2,30.3,.228,66.9,103.1,.347,.349,.515,50.9,47.9,9.9,7.0,.484,14.9,32.2,.233
14,Arkansas-Pine Bluff,/cbb/schools/arkansas-pine-bluff/men/2015.html,False,32,12,20,.375,-15.65,-8.61,9,9,5,4,5,13,1912,2140,64.7,92.0,.357,.373,.499,45.0,49.2,13.6,10.7,.462,20.3,30.5,.242,64.7,103.0,.488,.359,.549,55.0,59.0,11.6,8.5,.512,21.0,39.5,.328
15,Army,/cbb/schools/army/men/2015.html,False,30,15,15,.500,-6.50,-4.98,6,12,7,7,7,8,2164,2163,69.0,103.3,.315,.394,.532,49.3,56.1,9.2,8.8,.505,16.3,30.4,.214,69.0,103.2,.400,.286,.540,50.7,54.8,9.8,10.0,.509,16.8,31.1,.266
16,Auburn,/cbb/schools/auburn/men/2015.html,False,35,15,20,.429,3.27,8.15,4,14,9,8,2,10,2378,2523,67.9,99.1,.484,.387,.514,46.0,49.5,9.9,7.0,.471,16.4,28.0,.322,67.9,105.1,.412,.326,.558,54.0,50.8,9.8,13.3,.523,18.5,33.8,.288
17,Austin Peay,/cbb/schools/austin-peay/men/2015.html,False,30,8,22,.267,-12.45,-2.81,3,13,6,7,1,14,1937,2178,68.2,94.6,.411,.308,.486,50.3,54.3,9.3,12.1,.444,17.7,33.0,.274,68.2,106.4,.372,.365,.575,49.7,55.0,11.7,8.1,.542,18.3,28.8,.270
18,Ball State,/cbb/schools/ball-state/men/2015.html,False,30,7,23,.233,-5.06,0.04,2,16,6,9,1,14,1961,2070,64.1,99.9,.355,.433,.531,50.2,57.2,8.1,6.8,.497,18.7,30.2,.246,64.1,105.5,.410,.329,.554,49.8,52.1,11.3,11.0,.519,16.2,28.7,.285
19,Baylor,/cbb/schools/baylor/men/2015.html,True,34,24,10,.706,17.85,9.33,11,7,16,2,6,5,2349,2048,62.8,109.2,.386,.334,.530,55.9,61.1,12.2,11.2,.497,16.4,42.4,.260,62.8,95.2,.318,.356,.485,44.1,69.4,10.4,10.9,.455,16.3,31.0,.205
20,Belmont,/cbb/schools/belmont/men/2015.html,True,33,22,11,.667,0.35,-2.77,11,5,12,2,7,8,2450,2330,67.5,109.9,.324,.480,.589,50.3,58.7,9.4,5.5,.567,17.8,29.0,.225,67.5,104.5,.285,.366,.543,49.7,50.7,9.7,12.5,.515,16.3,29.6,.203
21,Bethune-Cookman,/cbb/schools/bethune-cookman/men/2015.html,False,32,11,21,.344,-15.52,-10.45,7,9,6,8,4,11,1899,2003,61.3,96.8,.429,.346,.503,51.1,42.1,8.9,8.1,.452,19.2,35.6,.308,61.3,102.1,.455,.339,.528,48.9,53.2,10.4,10.0,.482,17.4,32.9,.320
22,Binghamton,/cbb/schools/binghamton/men/2015.html,False,32,6,26,.188,-13.45,-3.49,5,11,5,9,1,15,1845,2124,63.4,90.7,.387,.347,.488,46.9,43.9,9.1,7.8,.450,18.6,26.5,.255,63.4,104.4,.348,.384,.547,53.1,55.6,9.7,7.0,.519,17.8,31.7,.238
23,Boise State,/cbb/schools/boise-state/men/2015.html,True,34,25,9,.735,10.01,1.38,14,4,13,1,8,5,2390,2045,62.4,110.6,.324,.416,.568,52.1,49.2,9.5,7.0,.537,14.2,28.4,.236,62.4,94.6,.318,.360,.506,47.9,49.2,7.5,9.9,.472,17.6,25.4,.222
24,Boston College,/cbb/schools/boston-college/men/2015.html,False,32,13,19,.406,6.32,7.94,4,14,9,8,2,7,2105,2157,63.9,101.4,.350,.382,.541,48.0,56.7,8.8,7.5,.507,16.7,26.1,.247,63.9,103.9,.410,.315,.537,52.0,53.5,8.2,10.3,.494,16.3,30.8,.295
25,Boston University,/cbb/schools/boston-university/men/2015.html,False,30,13,17,.433,-5.63,-3.12,9,9,8,6,5,10,2037,2087,63.7,105.7,.450,.421,.560,50.7,55.1,8.8,5.8,.523,16.9,28.5,.313,63.7,108.3,.330,.404,.557,49.3,62.2,8.3,9.2,.526,14.7,27.9,.235
26,Bowling Green State,/cbb/schools/bowling-green-state/men/2015.html,False,33,21,12,.636,2.93,-1.25,11,7,11,6,10,5,2196,2076,63.8,103.9,.326,.358,.527,51.0,52.2,10.4,11.2,.491,15.6,31.4,.233,63.8,98.2,.325,.376,.510,49.0,48.8,9.7,9.8,.475,16.8,29.6,.227
27,Bradley,/cbb/schools/bradley/men/2015.html,False,33,9,24,.273,-4.30,1.52,3,15,7,9,1,10,1882,2026,61.1,91.9,.377,.349,.469,50.5,48.2,11.1,9.6,.429,17.3,32.5,.250,61.1,98.9,.450,.378,.535,49.5,59.8,9.9,10.5,.496,19.4,29.0,.309
28,Brigham Young,/cbb/schools/brigham-young/men/2015.html,True,35,25,10,.714,13.53,5.02,13,5,13,3,8,3,2931,2561,70.7,116.7,.424,.365,.584,53.2,60.9,10.2,7.4,.539,14.2,34.1,.325,70.7,102.0,.386,.325,.527,46.8,55.1,9.2,9.4,.489,15.8,28.5,.270
29,Brown,/cbb/schools/brown/men/2015.html,False,31,13,18,.419,-7.23,-1.99,4,10,9,6,3,11,2048,2144,67.6,97.3,.448,.338,.520,51.1,53.8,6.6,11.1,.477,18.9,30.6,.309,67.6,101.9,.360,.308,.510,48.9,50.0,11.8,12.6,.474,14.2,30.0,.246
30,Bryant,/cbb/schools/bryant/men/2015.html,False,31,16,15,.516,-6.28,-4.93,12,6,9,5,7,10,2058,2100,63.8,102.9,.328,.388,.529,49.0,53.7,7.8,7.0,.488,15.8,29.5,.246,63.8,105.0,.359,.356,.524,51.0,52.5,10.0,10.8,.483,14.3,32.0,.261
31,Bucknell,/cbb/schools/bucknell/men/2015.html,False,34,19,15,.559,-3.66,-2.75,13,5,12,4,6,11,2339,2346,64.1,105.8,.397,.331,.538,51.6,55.8,6.3,7.3,.501,14.8,29.9,.277,64.1,106.1,.378,.298,.540,48.4,47.3,7.8,12.1,.497,12.8,25.7,.280
32,Buffalo,/cbb/schools/buffalo/men/2015.html,True,33,23,10,.697,7.93,1.60,12,6,11,2,9,7,2462,2253,68.7,108.5,.426,.303,.533,52.0,51.7,10.9,11.3,.487,14.1,34.5,.306,68.7,99.3,.343,.379,.515,48.0,49.3,9.0,8.1,.485,17.0,30.4,.228
33,Butler,/cbb/schools/butler/men/2015.html,True,34,23,11,.676,16.64,8.62,12,6,13,3,7,4,2346,2073,64.2,105.9,.408,.287,.522,54.2,47.5,9.8,8.8,.484,14.3,34.7,.279,64.2,93.5,.333,.342,.501,45.8,50.5,8.3,11.3,.467,17.2,25.3,.227
34,Cal Poly,/cbb/schools/cal-poly/men/2015.html,False,29,13,16,.448,-0.57,0.43,6,10,7,4,5,10,1752,1721,59.3,101.0,.318,.335,.479,51.0,47.6,9.1,8.9,.442,12.2,32.6,.218,59.3,99.3,.308,.328,.515,49.0,56.8,6.6,9.3,.484,15.5,27.7,.212
35,Cal State Bakersfield,/cbb/schools/cal-state-bakersfield/men/2015.html,False,33,14,19,.424,-6.40,-5.80,7,7,9,5,3,10,2100,2028,61.2,102.1,.393,.325,.520,53.8,59.7,9.2,6.1,.474,16.8,34.2,.284,61.2,98.6,.469,.385,.528,46.2,54.1,8.4,10.3,.482,17.3,26.1,.327
36,Cal State Fullerton,/cbb/schools/cal-state-fullerton/men/2015.html,False,31,9,22,.290,-8.58,-1.06,1,15,6,9,1,13,1991,2155,65.6,96.7,.368,.309,.500,50.7,43.7,7.6,5.5,.461,16.4,29.2,.253,65.6,104.7,.391,.330,.542,49.3,55.0,8.8,10.2,.505,14.8,26.4,.275
37,Cal State Northridge,/cbb/schools/cal-state-northridge/men/2015.html,False,33,9,24,.273,-6.61,0.39,4,12,7,9,1,14,2148,2325,65.9,98.0,.418,.193,.514,50.4,59.9,8.2,11.0,.456,17.2,29.7,.320,65.9,106.1,.355,.387,.537,49.6,55.9,10.9,6.5,.503,14.4,29.9,.249
38,California,/cbb/schools/california/men/2015.html,False,33,18,15,.545,5.36,6.15,7,11,11,7,5,6,2195,2221,66.3,99.6,.304,.276,.513,50.6,50.2,6.2,9.2,.489,14.6,26.0,.197,66.3,100.8,.389,.252,.510,49.4,45.3,7.6,9.0,.468,12.7,25.1,.271
39,Campbell,/cbb/schools/campbell/men/2015.html,False,32,10,22,.313,-11.13,-5.30,4,14,9,6,1,15,2045,2124,63.3,100.6,.361,.445,.528,48.4,59.4,11.1,8.3,.505,17.2,28.5,.226,63.3,104.5,.403,.317,.552,51.6,50.5,10.0,8.4,.511,17.0,29.7,.291
40,Canisius,/cbb/schools/canisius/men/2015.html,False,33,18,15,.545,-0.04,-2.79,11,9,10,5,8,8,2168,2077,64.2,101.5,.320,.363,.505,50.4,61.0,10.4,10.1,.466,15.5,34.0,.230,64.2,97.2,.407,.370,.511,49.6,60.2,9.4,9.6,.469,18.5,32.3,.281
41,Central Arkansas,/cbb/schools/central-arkansas/men/2015.html,False,29,2,27,.069,-22.84,-5.94,2,16,2,11,0,16,1894,2384,71.3,91.6,.393,.365,.524,45.8,55.9,8.8,9.4,.488,22.6,28.0,.266,71.3,115.3,.425,.288,.580,54.2,52.9,13.2,11.0,.550,15.6,36.7,.294
42,Central Connecticut State,/cbb/schools/central-connecticut-state/men/2015.html,False,31,5,26,.161,-16.56,-5.62,3,15,4,9,1,13,1834,2173,64.0,92.1,.286,.271,.482,48.9,50.4,7.7,9.3,.446,18.3,30.9,.203,64.0,109.2,.239,.353,.538,51.1,53.2,10.2,9.3,.514,13.5,32.8,.170
43,Central Michigan,/cbb/schools/central-michigan/men/2015.html,False,32,23,9,.719,5.56,-1.10,12,6,16,1,6,7,2504,2187,66.6,117.0,.369,.476,.587,50.0,52.7,10.6,7.5,.556,13.2,30.3,.268,66.6,102.2,.347,.365,.536,50.0,46.3,7.5,9.2,.508,17.4,30.1,.232
44,Charleston Southern,/cbb/schools/charleston-southern/men/2015.html,False,31,19,12,.613,-4.48,-5.23,13,5,13,2,6,9,2277,2130,66.5,108.8,.343,.458,.530,52.3,51.1,10.2,6.8,.499,14.2,34.1,.236,66.5,101.8,.336,.403,.542,47.7,51.2,8.0,12.0,.509,17.3,27.3,.238
45,Charlotte,/cbb/schools/charlotte/men/2015.html,False,32,14,18,.438,1.76,0.35,7,11,7,6,5,9,2362,2317,67.2,106.5,.370,.288,.542,51.4,50.9,9.3,6.8,.517,16.6,33.8,.240,67.2,104.4,.331,.367,.538,48.6,52.6,8.9,8.2,.506,15.9,31.2,.232
46,Chattanooga,/cbb/schools/chattanooga/men/2015.html,False,32,22,10,.688,-1.63,-4.06,15,3,15,2,7,7,2325,2141,66.2,107.7,.434,.354,.549,51.0,48.4,9.7,16.2,.514,16.5,33.9,.298,66.2,99.2,.419,.276,.516,49.0,44.7,8.7,11.7,.475,17.2,32.0,.287
47,Chicago State,/cbb/schools/chicago-state/men/2015.html,False,32,8,24,.250,-14.76,-2.48,4,10,7,5,1,16,1855,2115,64.5,89.5,.294,.369,.466,48.8,44.8,12.9,9.8,.433,19.1,33.4,.196,64.5,102.0,.497,.386,.555,51.2,58.7,11.0,10.0,.518,20.5,32.9,.335
48,Cincinnati,/cbb/schools/cincinnati/men/2015.html,True,34,23,11,.676,10.72,4.40,13,5,15,3,6,5,2113,1898,59.6,102.8,.371,.297,.527,53.5,51.8,10.8,15.4,.495,17.7,37.3,.249,59.6,92.3,.261,.333,.468,46.5,54.0,9.2,8.2,.441,16.8,32.3,.170
49,Clemson,/cbb/schools/clemson/men/2015.html,False,31,16,15,.516,7.73,7.18,8,10,11,6,3,7,1944,1927,62.8,99.1,.344,.339,.496,51.5,47.9,8.6,12.9,.460,15.7,34.1,.234,62.8,98.3,.312,.332,.491,48.5,52.4,9.9,8.3,.456,15.1,31.4,.215
50,Cleveland State,/cbb/schools/cleveland-state/men/2015.html,False,34,19,15,.559,3.07,-0.78,11,5,12,3,6,12,2296,2098,61.5,108.6,.316,.355,.548,50.9,54.3,12.6,10.7,.527,16.3,33.2,.217,61.5,99.3,.436,.358,.536,49.1,58.5,9.8,7.9,.487,18.6,31.2,.295
51,Coastal Carolina,/cbb/schools/coastal-carolina/men/2015.html,True,34,24,10,.706,-1.02,-6.18,12,6,14,2,8,7,2438,2121,65.2,110.0,.411,.333,.537,55.7,46.1,10.8,10.2,.500,15.0,37.5,.283,65.2,95.7,.336,.408,.499,44.3,53.0,8.8,7.0,.461,16.0,26.2,.235
52,Colgate,/cbb/schools/colgate/men/2015.html,False,33,16,17,.485,-2.91,-3.41,12,6,10,5,6,12,2177,2125,60.5,107.1,.273,.391,.580,49.3,55.5,8.4,7.6,.560,16.8,24.1,.190,60.5,104.5,.343,.323,.531,50.7,50.0,9.3,9.0,.503,14.5,28.1,.229
53,College of Charleston,/cbb/schools/college-of-charleston/men/2015.html,False,33,9,24,.273,-7.23,-1.26,3,15,5,9,2,12,1934,2131,61.7,94.2,.324,.337,.491,47.4,46.2,8.9,8.5,.459,16.8,27.6,.214,61.7,103.8,.474,.322,.525,52.6,50.7,8.8,10.6,.481,15.7,32.2,.323
54,Colorado,/cbb/schools/colorado/men/2015.html,False,34,16,18,.471,7.01,6.19,7,11,12,5,2,11,2345,2317,65.6,103.6,.408,.287,.528,53.6,49.3,8.6,11.1,.484,16.8,34.4,.291,65.6,102.3,.339,.370,.524,46.4,52.4,10.4,9.2,.489,14.8,28.0,.238
55,Colorado State,/cbb/schools/colorado-state/men/2015.html,False,34,27,7,.794,8.12,0.69,13,5,15,2,8,4,2454,2181,65.3,110.1,.418,.368,.539,54.3,59.6,8.5,9.8,.505,13.7,34.3,.281,65.3,97.9,.331,.355,.514,45.7,51.9,8.2,7.0,.487,16.1,25.3,.217
56,Columbia,/cbb/schools/columbia/men/2015.html,False,28,13,15,.464,-0.38,-1.49,5,9,9,7,4,7,1816,1737,60.6,107.0,.286,.461,.550,51.9,52.3,8.1,10.1,.522,16.6,32.5,.205,60.6,102.4,.378,.299,.520,48.1,47.1,9.2,12.3,.481,14.6,28.8,.264
57,Connecticut,/cbb/schools/connecticut/men/2015.html,False,35,20,15,.571,8.28,4.22,10,8,11,5,4,7,2243,2101,61.9,103.2,.323,.349,.533,50.8,52.0,7.6,14.8,.501,16.1,30.1,.229,61.9,96.7,.326,.338,.488,49.2,50.9,8.9,10.8,.452,15.3,30.6,.223
58,Coppin State,/cbb/schools/coppin-state/men/2015.html,False,31,8,23,.258,-17.84,-4.78,6,10,4,7,3,15,2219,2558,73.6,97.3,.310,.433,.507,42.8,51.5,9.1,7.6,.475,16.1,25.8,.214,73.6,112.2,.419,.305,.571,57.2,53.6,8.4,9.3,.538,16.6,37.7,.294
59,Cornell,/cbb/schools/cornell/men/2015.html,False,30,13,17,.433,-3.58,-1.92,5,9,8,5,5,9,1868,1838,64.4,95.9,.392,.372,.505,47.3,50.7,9.6,14.6,.453,16.3,24.2,.293,64.4,94.4,.407,.375,.495,52.7,55.2,8.1,8.7,.450,17.4,30.0,.281
60,Creighton,/cbb/schools/creighton/men/2015.html,False,33,14,19,.424,7.48,7.05,4,14,9,8,3,9,2221,2207,63.3,104.8,.363,.427,.533,51.5,60.2,6.9,6.7,.494,15.8,31.3,.263,63.3,104.1,.334,.357,.535,48.5,54.9,9.2,11.0,.505,14.9,28.1,.229
61,Dartmouth,/cbb/schools/dartmouth/men/2015.html,False,29,14,15,.483,-3.11,-3.32,7,7,8,4,6,11,1835,1829,62.9,99.8,.357,.331,.520,50.7,54.3,12.1,11.6,.492,17.4,30.9,.230,62.9,99.4,.428,.383,.537,49.3,55.7,9.4,8.4,.499,18.7,28.3,.294
62,Davidson,/cbb/schools/davidson/men/2015.html,True,32,24,8,.750,11.97,3.19,14,4,14,1,9,4,2529,2221,67.2,117.1,.287,.456,.578,50.3,60.9,7.9,7.5,.556,12.2,30.0,.203,67.2,102.9,.351,.325,.518,49.7,49.5,7.5,12.1,.492,14.7,30.3,.224
63,Dayton,/cbb/schools/dayton/men/2015.html,True,36,27,9,.750,10.98,4.06,13,5,16,0,5,6,2439,2190,64.2,105.1,.482,.382,.565,48.6,60.5,10.8,7.2,.530,16.1,23.3,.330,64.2,94.4,.306,.334,.503,51.4,54.3,8.2,11.4,.472,18.3,28.4,.207
64,Delaware,/cbb/schools/delaware/men/2015.html,False,30,10,20,.333,-7.76,-1.69,9,9,5,8,5,10,1979,2161,65.7,99.1,.381,.350,.509,48.7,55.7,6.4,9.8,.471,15.9,28.8,.261,65.7,108.2,.332,.375,.532,51.3,56.6,9.9,10.5,.500,13.3,31.5,.233
65,Delaware State,/cbb/schools/delaware-state/men/2015.html,False,36,18,18,.500,-10.78,-6.75,9,7,6,6,9,11,2533,2607,69.2,101.3,.317,.376,.519,50.7,48.4,7.2,10.3,.485,16.6,31.8,.224,69.2,104.2,.344,.368,.518,49.3,54.4,10.1,10.0,.485,14.2,31.0,.235
66,Denver,/cbb/schools/denver/men/2015.html,False,30,12,18,.400,-3.96,-3.13,6,10,9,7,3,10,1865,1890,58.2,105.5,.312,.430,.593,45.5,69.6,10.1,5.9,.562,17.7,19.3,.239,58.2,106.9,.512,.298,.572,54.5,48.5,8.8,8.5,.529,17.9,29.6,.365
67,DePaul,/cbb/schools/depaul/men/2015.html,False,32,12,20,.375,3.30,7.49,6,12,9,7,3,9,2220,2354,67.3,102.7,.365,.405,.544,45.9,52.2,9.8,10.3,.507,17.3,27.4,.263,67.3,108.9,.487,.310,.557,54.1,48.3,10.8,9.8,.508,16.1,35.4,.356
68,Detroit Mercy,/cbb/schools/detroit-mercy/men/2015.html,False,33,15,18,.455,-2.25,0.13,7,9,10,6,3,11,2334,2335,68.2,102.5,.328,.319,.535,49.8,52.9,11.2,10.9,.506,16.6,30.1,.224,68.2,102.5,.465,.402,.556,50.2,58.7,8.7,8.5,.517,19.1,29.4,.323
69,Drake,/cbb/schools/drake/men/2015.html,False,31,9,22,.290,-6.04,2.22,6,12,8,7,1,11,1844,2070,58.9,100.1,.345,.351,.567,47.1,58.1,7.5,6.0,.528,20.1,23.4,.265,58.9,112.4,.306,.363,.571,52.9,51.5,10.9,10.0,.547,14.7,31.4,.214
70,Drexel,/cbb/schools/drexel/men/2015.html,False,30,11,19,.367,-5.71,-0.85,9,9,5,9,5,6,1787,1930,61.4,96.6,.328,.344,.493,47.7,51.6,8.4,10.1,.447,14.7,28.0,.244,61.4,104.3,.358,.300,.530,52.3,52.7,8.8,9.9,.499,15.9,31.3,.242
71,Duke,/cbb/schools/duke/men/2015.html,True,39,35,4,.897,24.97,9.87,15,3,15,1,9,2,3091,2502,65.9,119.4,.398,.334,.593,53.9,53.5,10.7,9.0,.566,13.9,35.8,.278,65.9,96.7,.240,.278,.492,46.1,47.0,8.3,8.3,.465,15.9,30.2,.166
72,Duquesne,/cbb/schools/duquesne/men/2015.html,False,31,12,19,.387,-2.93,1.41,6,12,9,7,2,10,2213,2303,67.2,105.9,.323,.371,.537,50.0,58.0,7.6,9.4,.518,15.6,32.3,.202,67.2,110.2,.336,.401,.539,50.0,64.6,8.1,8.6,.511,13.6,33.2,.228
73,East Carolina,/cbb/schools/east-carolina/men/2015.html,False,33,14,19,.424,-2.84,1.00,6,12,11,5,1,11,2116,2176,63.1,101.3,.317,.373,.518,47.6,59.1,10.0,5.7,.488,15.6,29.8,.216,63.1,104.1,.338,.360,.530,52.4,56.9,9.4,12.5,.501,16.5,34.0,.229
74,East Tennessee State,/cbb/schools/east-tennessee-state/men/2015.html,False,30,16,14,.533,-4.80,-4.01,8,10,10,4,6,9,2201,2140,68.8,105.8,.386,.446,.543,49.3,52.9,11.3,9.1,.504,15.8,30.8,.279,68.8,102.9,.423,.443,.541,50.7,62.4,10.1,13.3,.501,18.3,31.9,.298
75,Eastern Illinois,/cbb/schools/eastern-illinois/men/2015.html,False,33,18,15,.545,-5.52,-2.42,9,7,9,5,7,8,2097,2136,63.2,99.8,.329,.379,.535,45.9,58.3,8.9,12.0,.511,16.8,24.3,.215,63.2,101.7,.311,.353,.512,54.1,51.4,10.1,8.9,.477,16.1,34.1,.222
76,Eastern Kentucky,/cbb/schools/eastern-kentucky/men/2015.html,False,33,21,12,.636,-0.03,-4.16,11,5,13,4,8,7,2373,2100,65.5,108.9,.319,.475,.584,44.3,60.5,14.7,10.1,.549,15.6,22.7,.248,65.5,96.4,.345,.404,.553,55.7,67.2,9.1,9.7,.527,24.4,33.9,.232
77,Eastern Michigan,/cbb/schools/eastern-michigan/men/2015.html,False,35,21,14,.600,1.96,-0.14,8,10,16,3,4,10,2429,2230,66.7,102.9,.416,.378,.517,49.4,46.0,12.9,13.5,.469,14.9,31.7,.299,66.7,94.5,.393,.392,.492,50.6,63.8,8.0,9.5,.449,18.9,33.2,.269
78,Eastern Washington,/cbb/schools/eastern-washington/men/2015.html,True,35,26,9,.743,0.79,-3.84,14,4,13,2,11,6,2820,2588,68.3,117.1,.352,.421,.591,50.0,46.5,9.1,13.0,.562,13.6,29.9,.255,68.3,107.5,.354,.360,.554,50.0,57.4,8.0,11.2,.520,15.6,30.4,.253
79,Elon,/cbb/schools/elon/men/2015.html,False,33,15,18,.455,-5.91,-2.69,6,12,8,6,5,10,2329,2329,69.4,100.5,.365,.359,.521,48.4,48.8,9.2,3.8,.486,16.4,28.8,.249,69.4,100.5,.430,.341,.535,51.6,48.6,9.0,9.6,.501,18.3,30.5,.287
80,Evansville,/cbb/schools/evansville/men/2015.html,False,36,24,12,.667,3.36,-0.07,9,9,14,5,8,5,2552,2361,66.1,106.1,.433,.232,.571,50.8,63.8,8.7,9.9,.526,16.9,26.5,.324,66.1,98.2,.307,.341,.523,49.2,51.5,9.6,9.8,.490,17.8,28.1,.219
81,Fairfield,/cbb/schools/fairfield/men/2015.html,False,31,7,24,.226,-8.63,-2.31,5,15,4,11,2,11,1845,2041,62.1,93.9,.371,.389,.497,46.7,52.8,7.8,9.1,.452,17.6,27.3,.266,62.1,103.9,.427,.265,.521,53.3,53.4,10.4,7.9,.483,15.5,33.9,.287
82,FDU,/cbb/schools/fairleigh-dickinson/men/2015.html,False,29,8,21,.276,-12.22,-4.54,3,15,4,9,4,12,1956,2130,67.7,98.3,.336,.379,.509,43.1,47.7,12.7,9.4,.473,16.2,28.1,.233,67.7,107.0,.506,.345,.560,56.9,55.5,9.5,11.3,.520,19.6,39.9,.350
83,Florida,/cbb/schools/florida/men/2015.html,False,33,16,17,.485,13.27,9.67,8,10,11,5,2,9,2101,1982,62.8,100.6,.314,.382,.519,50.9,56.3,10.9,10.5,.496,16.8,31.7,.199,62.8,94.9,.378,.315,.510,49.1,51.7,8.7,11.9,.460,18.9,29.1,.282
84,Florida A&M,/cbb/schools/florida-am/men/2015.html,False,29,2,27,.069,-26.04,-8.52,2,14,2,9,0,17,1607,2115,65.7,84.3,.378,.281,.454,45.1,43.0,7.5,6.1,.413,19.0,26.8,.245,65.7,111.0,.349,.377,.555,54.9,59.3,10.8,9.8,.535,15.6,35.5,.225
85,Florida Atlantic,/cbb/schools/florida-atlantic/men/2015.html,False,29,9,20,.310,-7.80,-2.06,2,16,7,7,2,13,1815,1934,64.2,97.1,.286,.391,.511,47.0,45.6,6.7,8.1,.485,17.1,26.9,.193,64.2,103.5,.366,.218,.526,53.0,40.8,10.1,11.3,.489,14.9,31.8,.255
86,Florida Gulf Coast,/cbb/schools/florida-gulf-coast/men/2015.html,False,33,22,11,.667,-1.81,-4.98,11,3,14,4,6,6,2224,2085,64.9,103.5,.320,.311,.513,52.0,57.4,8.6,10.6,.485,15.1,34.3,.212,64.9,97.0,.330,.357,.482,48.0,44.0,8.8,6.7,.446,14.5,31.1,.222
87,Florida International,/cbb/schools/florida-international/men/2015.html,False,33,16,17,.485,-7.78,-3.23,8,10,8,4,6,10,2060,2153,65.5,94.3,.382,.287,.515,49.7,49.9,10.3,13.3,.487,19.8,29.0,.243,65.5,98.6,.376,.377,.503,50.3,57.6,11.9,9.9,.471,16.6,31.7,.243
88,Florida State,/cbb/schools/florida-state/men/2015.html,False,33,17,16,.515,6.69,7.02,8,10,12,6,3,7,2199,2210,65.7,100.6,.469,.282,.539,50.9,49.8,8.3,12.7,.501,19.0,31.8,.314,65.7,101.1,.379,.325,.513,49.1,51.6,9.4,7.1,.473,15.4,31.9,.266
89,Fordham,/cbb/schools/fordham/men/2015.html,False,31,10,21,.323,-2.15,2.72,4,14,8,8,1,11,2015,2144,66.3,97.6,.326,.358,.509,52.2,54.9,10.1,11.3,.470,18.6,34.2,.237,66.3,103.9,.414,.369,.539,47.8,53.0,11.0,9.1,.505,16.3,29.2,.278
90,Fresno State,/cbb/schools/fresno-state/men/2015.html,False,32,15,17,.469,-2.23,1.30,10,8,11,3,4,10,2086,2123,64.3,100.1,.391,.330,.520,47.6,46.3,12.0,10.4,.481,15.1,27.0,.270,64.3,101.9,.426,.342,.532,52.4,54.5,8.4,8.7,.492,17.7,31.7,.295
91,Furman,/cbb/schools/furman/men/2015.html,False,33,11,22,.333,-10.55,-3.46,5,13,7,7,1,14,2098,2245,63.1,99.9,.438,.402,.531,49.4,48.8,8.7,8.2,.494,18.1,29.7,.293,63.1,106.9,.355,.354,.538,50.6,55.9,11.0,12.6,.512,14.7,31.4,.235
92,Gardner-Webb,/cbb/schools/gardner-webb/men/2015.html,False,35,20,15,.571,-5.24,-3.11,10,8,12,2,5,11,2619,2595,68.4,107.8,.378,.406,.547,49.9,62.2,9.6,5.7,.519,15.2,31.2,.253,68.4,106.8,.287,.300,.548,50.1,48.7,9.5,10.1,.525,15.4,30.9,.196
93,George Mason,/cbb/schools/george-mason/men/2015.html,False,31,9,22,.290,-1.43,4.60,4,14,7,8,2,9,1996,2147,65.1,97.7,.406,.244,.503,52.2,44.5,9.2,11.3,.465,18.3,36.0,.271,65.1,105.1,.442,.357,.539,47.8,53.8,10.3,9.3,.494,16.0,31.0,.316
94,George Washington,/cbb/schools/george-washington/men/2015.html,False,35,22,13,.629,8.07,2.79,10,8,12,2,5,10,2354,2169,63.4,105.0,.400,.289,.524,52.7,49.3,8.8,10.6,.489,15.8,35.6,.269,63.4,96.7,.289,.343,.490,47.3,49.7,10.1,11.0,.459,15.7,30.9,.197
95,Georgetown,/cbb/schools/georgetown/men/2015.html,True,33,22,11,.667,15.48,9.81,12,6,13,3,5,4,2340,2153,64.6,108.1,.439,.325,.552,52.2,53.4,11.6,14.1,.513,16.4,34.3,.309,64.6,99.5,.441,.354,.519,47.8,52.4,9.2,10.2,.471,17.4,31.0,.313
96,Georgia,/cbb/schools/georgia/men/2015.html,True,33,21,12,.636,12.42,8.60,11,7,12,4,8,4,2250,2124,64.9,102.8,.477,.311,.530,53.0,55.0,8.4,12.4,.485,16.5,32.2,.331,64.9,97.0,.343,.353,.485,47.0,47.6,9.2,10.5,.444,14.3,28.5,.240
97,Georgia Southern,/cbb/schools/georgia-southern/men/2015.html,False,31,22,9,.710,-0.40,-4.72,14,6,13,2,8,6,2112,1865,65.0,104.0,.349,.419,.513,51.3,49.2,11.1,9.4,.482,15.1,34.2,.233,65.0,91.8,.313,.370,.483,48.7,49.1,8.1,8.4,.449,18.8,31.2,.211
98,Georgia State,/cbb/schools/georgia-state/men/2015.html,True,35,25,10,.714,5.47,-2.03,15,5,12,1,8,8,2499,2184,64.3,109.8,.383,.278,.563,48.9,53.1,14.1,13.5,.527,14.2,30.0,.277,64.3,96.0,.395,.420,.504,51.1,62.6,7.0,6.0,.457,19.8,34.4,.282
99,Georgia Tech,/cbb/schools/georgia-tech/men/2015.html,False,31,12,19,.387,7.16,8.45,3,15,8,8,2,9,1962,2002,63.9,97.4,.311,.273,.475,55.2,49.3,8.8,9.4,.444,16.0,38.7,.202,63.9,99.4,.338,.328,.525,44.8,54.4,10.0,9.3,.492,16.0,25.8,.234
100,Gonzaga,/cbb/schools/gonzaga/men/2015.html,True,38,35,3,.921,21.12,5.12,17,1,15,1,11,1,2989,2343,65.2,120.3,.387,.317,.606,55.5,57.2,9.1,8.4,.584,13.9,34.1,.267,65.2,94.3,.310,.305,.474,44.5,43.8,8.5,6.3,.441,14.8,27.7,.206
101,Grambling,/cbb/schools/grambling/men/2015.html,False,29,2,27,.069,-30.67,-8.00,0,18,2,9,0,17,1509,2105,65.7,79.2,.412,.258,.445,47.3,43.9,8.1,4.9,.398,22.3,29.9,.268,65.7,110.4,.387,.351,.542,52.7,56.0,13.0,9.2,.518,14.4,35.3,.245
102,Grand Canyon,/cbb/schools/grand-canyon/men/2015.html,False,32,17,15,.531,-6.62,-5.45,8,6,13,8,4,7,2198,2188,64.7,106.2,.400,.353,.549,47.4,51.1,8.3,7.9,.510,15.2,27.2,.286,64.7,105.7,.359,.298,.522,52.6,46.3,7.7,7.6,.489,13.9,33.8,.244
103,Green Bay,/cbb/schools/green-bay/men/2015.html,False,33,24,9,.727,5.70,-0.40,12,4,13,1,6,7,2252,2006,65.0,104.6,.390,.265,.525,51.9,56.0,11.4,13.5,.498,15.4,32.9,.251,65.0,93.2,.383,.305,.494,48.1,51.8,9.2,8.1,.455,18.1,29.5,.256
104,Hampton,/cbb/schools/hampton/men/2015.html,True,35,17,18,.486,-8.25,-7.08,8,8,6,5,5,12,2346,2387,69.5,96.1,.438,.326,.496,50.1,46.7,9.6,10.5,.456,17.3,31.8,.286,69.5,97.7,.455,.302,.510,49.9,45.9,7.8,10.0,.464,17.3,30.9,.312
105,Hartford,/cbb/schools/hartford/men/2015.html,False,30,14,16,.467,-8.58,-5.16,7,9,7,7,7,8,1858,1924,63.4,96.5,.299,.452,.510,47.2,56.1,9.7,4.9,.478,16.6,25.7,.209,63.4,99.9,.415,.353,.535,52.8,52.2,8.9,10.4,.500,18.5,29.4,.280
106,Harvard,/cbb/schools/harvard/men/2015.html,True,30,22,8,.733,4.47,-0.25,12,3,12,2,9,4,1926,1727,61.2,103.2,.393,.266,.524,52.5,57.2,11.4,13.1,.481,16.0,32.7,.283,61.2,92.6,.327,.324,.492,47.5,52.3,8.4,7.7,.458,18.0,28.3,.221
107,Hawaii,/cbb/schools/hawaii/men/2015.html,False,35,22,13,.629,2.65,-0.83,8,8,13,5,3,5,2551,2387,69.9,103.5,.371,.341,.528,49.3,51.6,13.7,11.1,.493,16.2,33.0,.254,69.9,96.9,.421,.344,.520,50.7,55.7,8.4,7.4,.472,20.3,33.9,.305
108,High Point,/cbb/schools/high-point/men/2015.html,False,33,23,10,.697,-2.47,-4.61,13,5,12,2,9,7,2407,2231,63.7,110.4,.357,.295,.567,50.3,56.5,9.4,8.5,.531,15.0,30.8,.263,63.7,102.3,.313,.393,.535,49.7,50.7,10.4,6.5,.504,17.5,31.1,.220
109,Hofstra,/cbb/schools/hofstra/men/2015.html,False,34,20,14,.588,3.78,-4.46,10,8,8,7,10,6,2668,2388,69.2,112.6,.398,.416,.557,51.6,58.2,10.7,7.2,.523,13.7,32.7,.279,69.2,100.8,.387,.337,.534,48.4,54.4,7.1,9.0,.495,17.2,28.4,.274
110,Holy Cross,/cbb/schools/holy-cross/men/2015.html,False,30,14,16,.467,-6.23,-3.82,8,10,10,4,3,12,1981,2020,63.6,102.0,.346,.339,.518,48.7,48.3,11.7,14.1,.479,14.6,29.8,.247,63.6,104.1,.408,.323,.566,51.3,58.0,8.0,9.0,.529,19.1,29.4,.291
111,Houston,/cbb/schools/houston/men/2015.html,False,32,13,19,.406,-2.06,-0.91,4,14,9,8,2,9,2060,2097,63.9,99.2,.320,.451,.498,49.2,53.3,8.9,10.4,.465,17.0,33.6,.218,63.9,101.0,.332,.332,.520,50.8,55.7,10.6,10.1,.491,17.0,33.6,.221
112,Houston Christian,/cbb/schools/houston-baptist/men/2015.html,False,28,12,16,.429,-13.18,-5.63,7,11,10,3,2,13,2028,2063,69.3,104.0,.383,.250,.538,54.6,47.8,8.5,10.6,.497,18.5,38.4,.278,69.3,105.8,.432,.314,.543,45.4,50.7,10.5,9.1,.500,15.4,29.9,.308
113,Howard,/cbb/schools/howard/men/2015.html,False,32,16,16,.500,-9.89,-7.86,10,6,9,3,7,12,2032,2004,64.8,96.4,.435,.309,.519,51.2,38.8,11.5,12.6,.475,20.9,34.2,.304,64.8,95.1,.401,.394,.496,48.8,58.7,9.1,9.4,.451,18.3,33.4,.280
114,Idaho,/cbb/schools/idaho/men/2015.html,False,30,13,17,.433,-5.75,-4.79,8,10,11,3,2,12,2301,2269,68.2,110.7,.372,.331,.566,52.9,50.3,6.7,6.0,.535,15.1,31.2,.264,68.2,109.1,.409,.442,.559,47.1,51.8,7.3,7.5,.527,13.8,26.4,.280
115,Idaho State,/cbb/schools/idaho-state/men/2015.html,False,30,7,23,.233,-11.52,-5.45,4,14,6,7,1,14,1937,2075,64.0,100.5,.378,.264,.517,48.7,48.2,10.7,8.3,.487,15.9,29.9,.246,64.0,107.6,.347,.425,.552,51.3,61.6,7.3,9.5,.514,16.3,32.0,.257
116,Illinois,/cbb/schools/illinois/men/2015.html,False,33,19,14,.576,12.42,6.93,9,9,14,3,2,9,2281,2100,65.0,105.5,.312,.352,.522,50.4,49.5,9.6,9.2,.476,13.1,30.2,.248,65.0,97.1,.304,.360,.514,49.6,51.3,7.4,8.8,.480,17.2,28.0,.217
117,Illinois State,/cbb/schools/illinois-state/men/2015.html,False,35,22,13,.629,7.96,2.87,11,7,11,5,7,6,2385,2170,64.1,105.2,.347,.316,.526,53.1,48.2,11.2,12.7,.489,16.5,36.4,.247,64.1,95.7,.395,.331,.509,46.9,58.2,9.3,7.2,.468,18.1,29.6,.272
118,Illinois-Chicago,/cbb/schools/illinois-chicago/men/2015.html,False,34,10,24,.294,-7.86,-0.36,4,12,7,9,2,11,2201,2389,64.9,99.4,.398,.336,.495,49.5,57.0,9.3,7.3,.442,14.4,31.1,.294,64.9,107.9,.378,.293,.564,50.5,62.3,8.4,12.8,.536,16.0,28.6,.260
119,Incarnate Word,/cbb/schools/incarnate-word/men/2015.html,False,29,18,11,.621,-6.15,-6.47,10,8,11,3,7,8,2298,2180,69.6,111.0,.454,.334,.574,48.2,49.4,11.1,10.5,.531,14.1,27.2,.333,69.6,105.3,.359,.294,.540,51.8,53.4,8.0,8.8,.503,16.0,31.7,.259
120,Indiana,/cbb/schools/indiana/men/2015.html,True,34,20,14,.588,12.94,7.20,9,9,15,4,3,6,2633,2438,66.9,115.3,.327,.395,.573,52.2,51.2,7.4,7.8,.544,14.6,35.2,.235,66.9,106.7,.328,.304,.531,47.8,47.6,9.1,12.1,.503,13.7,31.4,.223
121,Indiana State,/cbb/schools/indiana-state/men/2015.html,False,31,15,16,.484,-0.49,1.21,11,7,10,6,5,7,2060,2101,66.0,98.6,.421,.394,.536,48.2,58.4,8.4,8.3,.496,18.5,26.5,.295,66.0,100.6,.366,.304,.527,51.8,50.3,11.4,9.9,.484,17.6,30.9,.268
122,Iona,/cbb/schools/iona/men/2015.html,False,35,26,9,.743,3.71,-2.52,17,3,13,0,10,8,2782,2564,70.6,112.1,.374,.424,.576,48.8,60.3,9.1,9.0,.547,15.0,28.7,.262,70.6,103.3,.285,.319,.511,51.2,54.1,8.4,11.1,.481,14.2,33.2,.199
123,Iowa,/cbb/schools/iowa/men/2015.html,True,34,22,12,.647,15.83,8.39,12,6,14,4,7,4,2372,2119,64.5,107.4,.380,.302,.527,52.9,58.7,9.9,13.1,.481,14.4,35.6,.282,64.5,96.0,.291,.366,.489,47.1,54.5,9.1,9.1,.456,16.1,30.3,.202
124,Iowa State,/cbb/schools/iowa-state/men/2015.html,True,34,25,9,.735,17.94,9.15,12,6,15,1,6,5,2645,2346,69.8,111.4,.365,.368,.571,50.5,58.1,9.2,9.7,.543,13.9,28.3,.254,69.8,98.8,.240,.344,.506,49.5,55.7,8.1,9.1,.476,16.0,29.6,.176
125,IUPUI,/cbb/schools/iupui/men/2015.html,False,31,10,21,.323,-8.28,-1.93,6,10,5,8,5,12,1883,2080,64.0,92.3,.328,.262,.502,50.8,50.3,10.7,6.0,.465,20.4,31.1,.230,64.0,101.9,.418,.312,.551,49.2,51.3,12.6,10.8,.513,18.4,28.3,.294
126,Jackson State,/cbb/schools/jackson-state/men/2015.html,False,32,11,21,.344,-12.36,-9.52,9,9,6,6,5,14,1941,2032,64.9,92.8,.329,.308,.463,53.2,46.2,9.7,8.5,.429,18.0,37.7,.213,64.9,97.1,.541,.373,.535,46.8,54.1,10.7,11.0,.486,20.0,28.1,.372
127,Jacksonville,/cbb/schools/jacksonville/men/2015.html,False,32,10,22,.313,-16.70,-6.46,4,10,8,7,2,15,2058,2303,65.1,97.2,.401,.331,.506,46.9,48.6,9.8,7.4,.469,16.2,28.3,.265,65.1,108.8,.378,.380,.565,53.1,55.5,9.0,11.0,.534,17.1,32.7,.265
128,Jacksonville State,/cbb/schools/jacksonville-state/men/2015.html,False,31,12,19,.387,-12.65,-4.52,5,11,11,3,1,16,1939,2126,64.8,95.4,.383,.352,.483,47.3,57.3,9.4,11.0,.434,15.8,30.0,.274,64.8,104.5,.397,.299,.532,52.7,55.4,9.1,11.5,.500,16.3,33.8,.265
129,James Madison,/cbb/schools/james-madison/men/2015.html,False,33,19,14,.576,-2.65,-1.53,12,6,12,7,7,6,2217,2254,64.2,104.2,.422,.369,.556,49.4,56.0,10.0,6.9,.519,17.8,29.0,.297,64.2,106.0,.319,.379,.534,50.6,56.8,10.2,10.8,.502,15.3,32.0,.226
130,Kansas,/cbb/schools/kansas/men/2015.html,True,36,27,9,.750,18.47,12.13,13,5,15,0,5,6,2561,2333,66.7,106.3,.426,.284,.539,52.6,54.7,9.8,12.3,.494,16.3,34.9,.309,66.7,96.8,.338,.320,.482,47.4,48.7,9.8,12.7,.446,14.8,31.6,.227
131,Kansas City,/cbb/schools/missouri-kansas-city/men/2015.html,False,33,14,19,.424,-8.01,-5.07,8,6,9,4,4,13,2164,2202,65.0,99.1,.408,.365,.510,46.9,52.0,12.2,10.1,.468,17.3,32.2,.283,65.0,100.8,.394,.354,.544,53.1,57.0,9.7,11.2,.511,21.0,36.7,.269
132,Kansas State,/cbb/schools/kansas-state/men/2015.html,False,32,15,17,.469,8.48,9.29,8,10,13,4,1,10,2016,2042,63.1,99.5,.460,.264,.519,51.2,60.4,9.6,6.7,.477,17.9,33.9,.311,63.1,100.8,.410,.319,.530,48.8,55.6,11.8,11.6,.497,17.5,31.5,.272
133,Kennesaw State,/cbb/schools/kennesaw-state/men/2015.html,False,32,10,22,.313,-17.33,-5.10,4,10,6,8,3,14,2027,2363,66.8,94.8,.292,.372,.501,47.7,46.2,8.1,8.9,.464,18.4,30.0,.214,66.8,110.5,.358,.341,.539,52.3,49.8,10.3,9.5,.505,13.8,34.8,.251
134,Kent State,/cbb/schools/kent-state/men/2015.html,False,35,23,12,.657,2.04,-0.94,12,6,11,4,10,6,2313,2202,62.1,105.0,.382,.371,.524,50.9,46.2,8.0,10.2,.494,15.1,33.9,.251,62.1,99.9,.388,.297,.501,49.1,48.2,8.5,8.8,.457,15.5,32.3,.273
135,Kentucky,/cbb/schools/kentucky/men/2015.html,True,39,38,1,.974,28.72,8.67,18,0,19,0,10,0,2900,2118,63.7,115.5,.439,.271,.558,54.9,55.0,10.1,18.2,.515,13.6,39.5,.319,63.7,84.4,.318,.305,.435,45.1,40.1,7.3,6.0,.396,18.0,31.8,.209
136,La Salle,/cbb/schools/la-salle/men/2015.html,False,33,17,16,.515,4.85,3.91,8,10,10,5,6,7,2086,2055,64.3,96.8,.364,.294,.506,49.6,53.9,9.8,9.6,.467,17.2,29.6,.253,64.3,95.3,.344,.295,.496,50.4,55.6,10.3,9.2,.458,17.3,30.8,.239
137,Lafayette,/cbb/schools/lafayette/men/2015.html,True,33,20,13,.606,-3.37,-3.12,9,9,11,5,9,7,2426,2409,64.8,112.9,.305,.356,.589,48.3,58.9,8.4,6.9,.557,15.1,28.4,.234,64.8,112.1,.271,.375,.555,51.7,51.8,9.2,8.9,.533,14.3,34.0,.189
138,Lamar,/cbb/schools/lamar/men/2015.html,False,30,15,15,.500,-9.75,-5.29,9,9,12,2,2,13,2146,2132,68.8,103.5,.423,.321,.539,51.8,52.3,10.8,11.0,.503,18.9,35.9,.288,68.8,102.8,.448,.347,.550,48.2,58.9,11.1,8.9,.514,18.8,31.7,.306
139,Lehigh,/cbb/schools/lehigh/men/2015.html,False,30,16,14,.533,-3.00,-3.55,10,8,8,6,8,7,2042,2000,66.3,101.4,.362,.290,.531,51.0,59.3,8.3,9.3,.491,17.0,29.6,.262,66.3,99.3,.313,.401,.502,49.0,62.2,10.2,7.1,.469,15.2,30.2,.214
140,Liberty,/cbb/schools/liberty/men/2015.html,False,32,8,24,.250,-16.01,-6.44,2,16,8,8,0,13,2045,2222,66.7,95.4,.392,.285,.520,51.3,49.9,8.2,8.3,.479,21.0,32.4,.276,66.7,103.7,.394,.417,.526,48.7,50.9,12.3,7.3,.490,15.5,31.5,.267
141,Lipscomb,/cbb/schools/lipscomb/men/2015.html,False,31,14,17,.452,-10.82,-5.15,7,7,10,3,4,14,2232,2322,69.2,102.9,.404,.435,.529,49.6,58.3,8.1,6.1,.490,16.3,29.9,.281,69.2,107.0,.467,.411,.559,50.4,58.1,9.1,12.3,.526,16.3,29.5,.313
142,Little Rock,/cbb/schools/arkansas-little-rock/men/2015.html,False,31,13,18,.419,-5.38,-3.81,8,12,9,7,3,9,2146,2180,65.5,102.8,.355,.358,.516,48.2,51.3,8.3,7.9,.478,13.6,28.8,.250,65.5,104.4,.402,.357,.542,51.8,52.1,6.9,7.5,.510,17.2,31.1,.272
143,Long Beach State,/cbb/schools/long-beach-state/men/2015.html,False,33,16,17,.485,1.64,4.16,10,6,10,2,4,13,2188,2221,65.8,100.1,.353,.371,.518,48.9,48.5,9.9,7.0,.484,17.4,32.0,.241,65.8,101.6,.368,.379,.525,51.1,54.9,10.0,10.8,.487,17.9,34.1,.259
144,Long Island University,/cbb/schools/long-island-university/men/2015.html,False,30,12,18,.400,-9.09,-5.32,8,10,5,6,6,9,2022,2135,68.1,96.5,.398,.348,.493,49.5,51.1,8.2,6.4,.449,16.7,31.3,.274,68.1,101.9,.356,.333,.520,50.5,51.6,8.7,11.6,.484,15.7,31.0,.249
145,Longwood,/cbb/schools/longwood/men/2015.html,False,34,11,23,.324,-12.96,-5.53,5,13,6,7,2,14,2311,2491,67.7,98.9,.305,.393,.531,45.7,49.1,11.6,9.1,.498,18.4,27.3,.220,67.7,106.6,.450,.366,.556,54.3,55.7,12.1,10.4,.522,18.4,35.4,.306
146,Louisiana,/cbb/schools/louisiana-lafayette/men/2015.html,False,36,22,14,.611,0.82,-3.61,13,7,12,4,8,8,2789,2520,71.6,107.5,.399,.315,.552,54.4,54.3,9.2,9.8,.515,17.2,35.5,.282,71.6,97.1,.364,.298,.510,45.6,42.9,9.5,8.9,.474,16.4,27.5,.249
147,Louisiana State,/cbb/schools/louisiana-state/men/2015.html,True,33,22,11,.667,11.39,5.63,11,7,13,4,8,3,2423,2233,69.6,103.1,.335,.284,.533,51.5,57.8,10.2,14.0,.503,17.3,33.9,.229,69.6,95.0,.294,.292,.477,48.5,46.8,11.2,8.8,.447,16.1,32.9,.195
148,Louisiana Tech,/cbb/schools/louisiana-tech/men/2015.html,False,36,27,9,.750,5.75,-1.34,15,3,17,0,9,8,2632,2362,67.9,106.9,.339,.358,.537,46.9,53.3,12.3,14.3,.506,13.7,29.0,.234,67.9,95.9,.312,.291,.503,53.1,49.9,8.9,8.9,.470,19.3,35.0,.215
149,Louisiana-Monroe,/cbb/schools/louisiana-monroe/men/2015.html,False,38,24,14,.632,-1.99,-2.88,14,6,14,4,9,7,2454,2299,63.5,100.4,.270,.293,.503,52.3,53.8,8.1,11.2,.471,15.3,33.3,.192,63.5,94.1,.288,.353,.478,47.7,51.2,8.3,7.9,.440,15.5,29.4,.207
150,Louisville,/cbb/schools/louisville/men/2015.html,True,36,27,9,.750,18.12,8.98,12,6,15,4,7,3,2483,2154,65.5,104.5,.387,.314,.512,51.8,47.7,11.9,14.4,.477,14.4,34.7,.258,65.5,90.7,.333,.318,.475,48.2,55.3,8.7,7.1,.440,18.2,30.8,.220
151,Loyola (IL),/cbb/schools/loyola-il/men/2015.html,False,37,24,13,.649,2.35,0.46,8,10,13,6,8,6,2324,2235,60.4,103.7,.342,.322,.563,49.0,58.1,10.7,7.1,.537,18.4,28.0,.235,60.4,99.7,.291,.372,.519,51.0,54.0,10.5,10.1,.492,17.7,32.2,.197
152,Loyola (MD),/cbb/schools/loyola-md/men/2015.html,False,30,11,19,.367,-10.75,-3.38,7,11,7,6,3,13,1764,1985,62.2,92.2,.376,.287,.470,50.9,47.8,8.7,9.0,.428,17.1,32.1,.253,62.2,103.7,.449,.330,.536,49.1,53.0,9.5,13.9,.497,15.4,28.5,.306
153,Loyola Marymount,/cbb/schools/loyola-marymount/men/2015.html,False,31,8,23,.258,-4.13,5.28,4,14,5,9,2,11,1928,2188,62.9,98.1,.358,.279,.508,49.6,57.2,9.6,10.5,.467,18.2,33.7,.254,62.9,111.3,.342,.387,.563,50.4,67.2,11.5,9.0,.533,15.5,33.8,.242
154,Maine,/cbb/schools/maine/men/2015.html,False,30,3,27,.100,-17.80,-3.40,2,14,2,9,1,17,1812,2244,66.3,90.4,.276,.381,.501,44.9,60.7,8.9,3.1,.466,19.3,23.3,.201,66.3,111.9,.367,.365,.583,55.1,57.0,11.6,10.0,.559,16.6,31.8,.251
155,Manhattan,/cbb/schools/manhattan/men/2015.html,True,33,19,14,.576,-1.34,-3.34,13,7,9,2,5,9,2300,2234,68.2,100.7,.474,.366,.537,48.6,60.8,11.6,7.5,.494,18.3,30.9,.328,68.2,97.8,.523,.272,.532,51.4,59.8,9.9,11.5,.481,20.6,33.1,.365
156,Marist,/cbb/schools/marist/men/2015.html,False,32,7,25,.219,-10.55,-2.93,5,15,3,9,2,13,1957,2201,66.4,92.1,.380,.440,.509,42.9,51.8,10.5,7.8,.468,18.5,21.2,.266,66.4,103.5,.367,.345,.532,57.1,57.1,10.8,10.0,.496,17.6,35.5,.257
157,Marquette,/cbb/schools/marquette/men/2015.html,False,32,13,19,.406,7.08,9.02,4,14,9,8,1,9,2083,2145,64.6,99.9,.358,.354,.524,46.6,64.6,11.6,9.8,.498,16.8,29.0,.231,64.6,102.9,.303,.364,.525,53.4,62.7,9.6,11.3,.492,17.6,36.4,.217
158,Marshall,/cbb/schools/marshall/men/2015.html,False,32,11,21,.344,-6.45,-0.22,7,11,10,7,1,12,2137,2288,71.0,93.7,.346,.428,.499,48.6,55.8,9.3,7.5,.469,18.9,29.1,.224,71.0,100.3,.358,.355,.510,51.4,53.8,11.3,8.6,.484,16.2,32.1,.227
159,Maryland,/cbb/schools/maryland/men/2015.html,True,35,28,7,.800,13.32,7.63,14,4,18,1,6,4,2417,2218,64.7,106.1,.445,.387,.562,51.1,48.1,7.4,11.9,.512,16.7,28.9,.336,64.7,97.3,.281,.375,.483,48.9,48.1,8.8,9.6,.455,14.5,30.5,.186
160,Maryland-Baltimore County,/cbb/schools/maryland-baltimore-county/men/2015.html,False,30,4,26,.133,-16.17,-5.14,2,14,2,11,2,15,1682,2013,64.4,86.7,.374,.325,.496,46.5,57.2,10.2,8.6,.463,21.6,23.3,.241,64.4,103.7,.330,.350,.542,53.5,56.7,13.5,9.5,.512,17.1,30.5,.231
161,Maryland-Eastern Shore,/cbb/schools/maryland-eastern-shore/men/2015.html,False,33,18,15,.545,-6.55,-6.94,11,5,7,3,11,9,2229,2216,65.1,103.3,.470,.336,.549,51.7,59.4,11.5,4.5,.517,19.9,35.5,.308,65.1,102.7,.411,.389,.544,48.3,52.7,10.6,9.5,.511,18.4,31.9,.279
162,Massachusetts,/cbb/schools/massachusetts/men/2015.html,False,32,17,15,.531,3.59,4.69,10,8,10,5,5,8,2220,2255,68.3,100.7,.424,.273,.518,51.5,55.6,9.8,10.3,.473,17.4,33.9,.298,68.3,102.3,.352,.294,.519,48.5,56.3,10.5,10.7,.487,15.1,31.2,.239
163,Massachusetts-Lowell,/cbb/schools/massachusetts-lowell/men/2015.html,False,29,12,17,.414,-11.21,-4.32,6,10,6,5,6,12,1780,1928,64.5,93.9,.343,.420,.517,45.1,53.0,10.6,3.1,.487,18.2,21.9,.228,64.5,101.7,.332,.394,.559,54.9,57.9,9.0,10.9,.534,20.2,29.6,.227
164,McNeese State,/cbb/schools/mcneese-state/men/2015.html,False,31,15,16,.484,-10.05,-5.42,8,10,11,5,3,10,2154,2210,66.0,104.4,.309,.331,.501,49.1,51.6,10.8,12.6,.474,13.4,34.6,.201,66.0,107.1,.339,.346,.540,50.9,57.0,8.7,8.9,.511,15.9,34.8,.231
165,Memphis,/cbb/schools/memphis/men/2015.html,False,32,18,14,.563,7.15,2.90,10,8,12,6,4,5,2155,2019,65.6,101.8,.316,.277,.513,53.0,57.4,10.6,17.2,.484,16.9,37.0,.211,65.6,95.4,.387,.309,.488,47.0,54.2,11.2,8.6,.444,16.4,31.6,.267
166,Mercer,/cbb/schools/mercer/men/2015.html,False,35,19,16,.543,-2.01,-4.10,12,6,12,4,5,9,2334,2196,61.2,106.7,.400,.332,.533,50.8,57.9,10.2,8.1,.497,14.7,33.3,.275,61.2,100.4,.318,.405,.510,49.2,57.2,8.6,10.0,.483,16.5,32.2,.210
167,Miami (FL),/cbb/schools/miami-fl/men/2015.html,False,38,25,13,.658,12.00,7.05,10,8,12,6,8,4,2592,2404,62.5,107.3,.355,.397,.540,50.6,55.6,8.7,9.0,.499,13.8,29.6,.265,62.5,99.5,.285,.340,.501,49.4,50.2,7.9,10.3,.476,14.8,29.3,.188
168,Miami (OH),/cbb/schools/miami-oh/men/2015.html,False,32,13,19,.406,-3.75,0.31,8,10,10,7,3,10,2123,2226,65.4,99.8,.383,.325,.535,48.1,50.7,11.5,6.5,.496,17.2,26.0,.272,65.4,104.7,.421,.409,.561,51.9,52.6,9.1,8.3,.528,18.1,29.3,.291
169,Michigan,/cbb/schools/michigan/men/2015.html,False,32,16,16,.500,9.56,9.59,8,10,12,6,2,8,2071,2048,60.7,104.2,.271,.404,.532,47.0,52.0,8.8,5.2,.498,13.6,25.5,.205,60.7,103.0,.261,.356,.535,53.0,53.7,7.1,9.2,.510,16.8,30.7,.182
170,Michigan State,/cbb/schools/michigan-state/men/2015.html,True,39,27,12,.692,17.46,10.00,12,6,12,4,7,4,2773,2482,63.0,109.7,.327,.350,.550,53.9,63.7,8.0,12.6,.532,14.9,33.4,.207,63.0,98.2,.390,.338,.498,46.1,49.1,8.6,7.8,.449,14.3,27.0,.281
171,Middle Tennessee,/cbb/schools/middle-tennessee/men/2015.html,False,36,19,17,.528,0.21,-0.39,9,9,12,4,4,10,2285,2247,62.1,99.8,.380,.362,.518,52.1,51.2,9.3,9.4,.479,17.5,31.8,.266,62.1,98.2,.415,.324,.533,47.9,54.1,9.7,11.7,.496,18.3,25.8,.284
172,Milwaukee,/cbb/schools/milwaukee/men/2015.html,False,30,14,16,.467,-4.85,0.15,9,7,10,4,3,11,1963,2077,65.4,100.1,.377,.399,.532,49.4,58.9,8.0,6.9,.489,17.2,26.9,.277,65.4,105.9,.311,.282,.538,50.6,48.1,10.7,10.4,.506,14.2,28.8,.222
173,Minnesota,/cbb/schools/minnesota/men/2015.html,False,33,18,15,.545,12.34,7.21,6,12,13,5,3,8,2449,2233,68.2,108.0,.330,.332,.550,48.1,58.3,13.8,9.7,.526,15.2,30.6,.221,68.2,98.5,.339,.368,.536,51.9,62.3,9.3,11.5,.503,21.0,33.7,.238
174,Mississippi,/cbb/schools/mississippi/men/2015.html,True,34,21,13,.618,11.39,7.01,11,7,9,7,8,4,2475,2326,67.0,107.9,.361,.331,.527,51.8,53.1,9.8,11.3,.478,13.9,34.8,.279,67.0,101.4,.412,.401,.516,48.2,63.5,7.3,9.1,.476,16.0,31.4,.282
175,Mississippi State,/cbb/schools/mississippi-state/men/2015.html,False,32,13,19,.406,2.53,4.72,6,12,9,8,3,8,1977,2032,64.1,96.4,.467,.279,.520,51.9,41.6,10.0,8.4,.472,19.9,32.6,.325,64.1,99.1,.363,.374,.506,48.1,52.3,10.7,10.4,.478,16.2,30.9,.231
176,Mississippi Valley State,/cbb/schools/mississippi-valley-state/men/2015.html,False,32,6,26,.188,-23.94,-7.78,5,13,3,6,2,17,2045,2562,71.0,88.9,.330,.272,.463,44.2,45.8,10.5,2.9,.427,17.9,30.1,.216,71.0,111.4,.367,.341,.569,55.8,51.8,10.5,9.7,.545,17.5,39.6,.247
177,Missouri,/cbb/schools/missouri/men/2015.html,False,32,9,23,.281,1.13,9.26,3,15,8,8,1,10,1935,2173,63.4,94.7,.331,.352,.494,48.2,50.2,8.8,8.3,.461,17.5,29.7,.220,63.4,106.3,.435,.355,.533,51.8,51.9,9.3,10.1,.490,14.8,32.9,.305
178,Missouri State,/cbb/schools/missouri-state/men/2015.html,False,31,11,20,.355,-4.92,1.67,5,13,8,6,3,11,1850,1989,61.1,96.1,.326,.318,.497,50.4,53.1,8.3,9.4,.455,16.8,31.1,.238,61.1,103.3,.366,.341,.525,49.6,55.4,10.1,8.2,.487,14.7,29.8,.259
179,Monmouth,/cbb/schools/monmouth/men/2015.html,False,33,18,15,.545,-2.18,-2.91,13,7,8,7,9,7,2134,2110,64.1,99.7,.410,.297,.525,48.8,51.0,10.8,12.5,.479,17.3,30.0,.296,64.1,98.6,.372,.424,.510,51.2,58.0,9.6,10.7,.472,18.1,33.6,.255
180,Montana,/cbb/schools/montana/men/2015.html,False,33,20,13,.606,-1.75,-3.78,14,4,13,4,7,9,2347,2219,63.2,108.4,.325,.413,.569,50.1,56.3,10.1,8.0,.540,15.9,28.2,.233,63.2,102.5,.425,.378,.546,49.9,52.5,8.9,9.0,.504,17.8,28.3,.305
181,Montana State,/cbb/schools/montana-state/men/2015.html,False,30,7,23,.233,-12.91,-3.50,4,14,5,9,2,14,1917,2152,66.4,96.3,.289,.413,.506,49.3,52.7,6.6,8.1,.471,17.8,29.3,.208,66.4,108.1,.441,.295,.560,50.7,54.3,10.5,13.2,.520,15.3,28.3,.315
182,Morehead State,/cbb/schools/morehead-state/men/2015.html,False,34,17,17,.500,-0.66,-3.31,10,6,7,6,7,9,2420,2255,67.0,105.5,.354,.331,.537,53.4,58.0,12.1,9.9,.499,17.0,35.8,.254,67.0,98.3,.551,.325,.541,46.6,56.3,8.5,12.7,.489,19.6,27.4,.387
183,Morgan State,/cbb/schools/morgan-state/men/2015.html,False,31,7,24,.226,-16.19,-6.48,5,11,5,5,1,17,1898,2199,65.6,92.9,.331,.306,.437,47.8,46.5,8.6,8.0,.402,13.3,34.9,.207,65.6,107.6,.432,.304,.569,52.2,49.9,7.0,9.2,.533,18.6,34.0,.305
184,Mount St. Mary's,/cbb/schools/mount-st-marys/men/2015.html,False,30,15,15,.500,-6.14,-4.40,11,7,9,4,5,11,1893,1945,63.1,97.9,.304,.420,.503,48.3,51.7,10.5,10.1,.472,16.3,30.6,.207,63.1,100.6,.356,.295,.527,51.7,48.7,9.8,8.6,.496,18.2,32.4,.240
185,Murray State,/cbb/schools/murray-state/men/2015.html,False,35,29,6,.829,7.13,-2.81,16,0,15,1,12,2,2764,2367,67.5,116.2,.417,.340,.578,52.7,56.5,10.6,8.7,.548,14.7,36.1,.290,67.5,99.5,.367,.343,.509,47.3,51.5,8.2,7.8,.467,16.6,32.0,.262
186,Navy,/cbb/schools/navy/men/2015.html,False,32,13,19,.406,-7.87,-3.61,8,10,8,8,4,10,1952,2059,61.5,99.1,.313,.316,.519,49.6,58.8,9.5,10.9,.491,17.2,29.6,.210,61.5,104.6,.356,.378,.558,50.4,60.6,9.6,8.9,.527,18.0,29.2,.252
187,NC State,/cbb/schools/north-carolina-state/men/2015.html,True,36,22,14,.611,14.11,9.72,10,8,14,6,5,5,2525,2367,64.5,108.0,.354,.322,.526,52.3,46.4,5.9,13.1,.493,13.5,34.0,.243,64.5,101.2,.347,.313,.495,47.7,51.5,8.2,10.1,.455,12.7,30.1,.244
188,Nebraska,/cbb/schools/nebraska/men/2015.html,False,31,13,18,.419,5.90,7.58,5,13,10,6,1,11,1905,1957,63.8,94.7,.365,.351,.503,48.5,47.4,9.5,9.0,.462,17.1,26.7,.258,63.8,97.3,.385,.382,.508,51.5,49.3,9.1,9.2,.468,17.7,30.2,.267
189,Nevada,/cbb/schools/nevada/men/2015.html,False,31,9,22,.290,-6.03,1.08,5,13,7,8,2,11,1874,2061,63.8,94.4,.420,.249,.467,54.0,46.8,8.5,11.4,.414,17.8,40.2,.292,63.8,103.8,.395,.341,.507,46.0,56.2,9.6,10.7,.471,13.3,32.0,.262
190,Nevada-Las Vegas,/cbb/schools/nevada-las-vegas/men/2015.html,False,33,18,15,.545,5.41,3.38,8,10,13,4,4,8,2250,2125,65.1,103.5,.330,.352,.535,49.0,56.1,8.4,16.4,.510,15.2,27.0,.219,65.1,97.8,.291,.305,.478,51.0,51.2,8.0,8.8,.447,13.8,31.9,.194
191,New Hampshire,/cbb/schools/new-hampshire/men/2015.html,False,32,19,13,.594,-3.76,-6.29,11,5,12,3,7,10,2148,1973,64.5,102.0,.366,.360,.534,53.4,49.0,7.9,6.2,.504,16.4,28.1,.247,64.5,93.7,.400,.330,.497,46.6,41.4,8.5,6.8,.454,16.0,22.4,.276
192,New Mexico,/cbb/schools/new-mexico/men/2015.html,False,31,15,16,.484,2.80,1.03,7,11,10,5,4,8,1921,1866,61.9,99.0,.384,.302,.512,53.7,58.0,9.2,14.9,.479,17.3,33.2,.253,61.9,96.1,.329,.417,.504,46.3,59.7,9.7,9.3,.467,16.3,26.3,.231
193,New Mexico State,/cbb/schools/new-mexico-state/men/2015.html,True,34,23,11,.676,3.71,-3.67,13,1,15,2,6,8,2316,2033,62.9,107.4,.441,.257,.548,54.9,50.2,10.2,9.2,.509,18.2,39.9,.306,62.9,94.3,.322,.237,.497,45.1,49.1,8.6,5.9,.461,18.0,30.5,.223
194,New Orleans,/cbb/schools/new-orleans/men/2015.html,False,29,11,18,.379,-11.86,-6.36,6,12,8,4,2,13,2062,2133,70.0,100.8,.480,.228,.523,51.4,39.6,10.6,9.3,.477,18.7,35.8,.331,70.0,104.2,.440,.309,.564,48.6,49.7,10.7,10.3,.539,19.1,31.8,.285
195,Niagara,/cbb/schools/niagara/men/2015.html,False,30,8,22,.267,-9.27,-1.80,7,13,4,10,4,10,1930,2154,65.5,97.5,.412,.326,.502,50.1,52.6,8.7,6.6,.456,17.5,32.0,.286,65.5,108.8,.363,.351,.568,49.9,58.1,9.6,11.6,.537,15.9,29.5,.256
196,Nicholls State,/cbb/schools/nicholls-state/men/2015.html,False,29,10,19,.345,-15.84,-5.30,7,11,7,6,3,12,1885,2117,68.4,94.2,.427,.328,.519,49.0,55.4,10.0,11.2,.489,21.3,31.6,.267,68.4,105.8,.498,.318,.544,51.0,48.6,12.2,9.5,.494,17.2,33.9,.356
197,NJIT,/cbb/schools/njit/men/2015.html,False,33,21,12,.636,-3.21,-4.07,,,15,2,6,10,2368,2229,67.3,106.7,.385,.420,.566,49.6,60.9,10.5,12.8,.536,17.7,30.0,.268,67.3,100.4,.425,.356,.515,50.4,50.4,10.1,9.7,.462,16.8,32.6,.314
198,Norfolk State,/cbb/schools/norfolk-state/men/2015.html,False,34,20,14,.588,-4.66,-6.35,12,4,10,3,7,10,2385,2254,65.4,105.7,.417,.305,.553,53.7,54.0,7.7,15.0,.525,17.6,34.9,.275,65.4,99.9,.391,.402,.510,46.3,54.5,8.6,9.3,.477,16.1,30.1,.256
199,North Carolina,/cbb/schools/north-carolina/men/2015.html,True,38,26,12,.684,20.63,11.76,11,7,10,5,7,4,2953,2616,69.2,111.6,.353,.223,.548,55.2,60.1,9.5,11.3,.516,15.1,40.0,.247,69.2,98.9,.378,.368,.497,44.8,52.4,9.6,8.2,.454,15.1,31.2,.265
200,North Carolina A&T,/cbb/schools/north-carolina-at/men/2015.html,False,32,9,23,.281,-16.76,-8.02,6,10,7,5,2,15,1884,2112,63.3,92.6,.390,.342,.490,49.8,45.8,8.4,11.8,.448,20.1,34.3,.266,63.3,103.9,.406,.362,.526,50.2,56.7,11.6,7.4,.489,16.3,34.7,.277
201,North Carolina Central,/cbb/schools/north-carolina-central/men/2015.html,False,33,25,8,.758,0.66,-8.67,16,0,12,0,9,7,2278,1821,62.6,109.9,.379,.356,.579,53.1,56.7,10.6,12.5,.553,17.4,32.4,.260,62.6,87.8,.422,.350,.460,46.9,46.1,8.3,8.6,.410,18.2,29.7,.285
202,North Dakota,/cbb/schools/north-dakota/men/2015.html,False,30,8,22,.267,-12.16,-3.73,4,14,3,9,4,12,2032,2201,68.2,98.5,.384,.332,.525,47.4,49.5,9.2,8.2,.491,16.2,25.0,.260,68.2,106.7,.414,.299,.559,52.6,51.9,9.4,9.4,.522,16.9,29.2,.294
203,North Dakota State,/cbb/schools/north-dakota-state/men/2015.html,True,33,23,10,.697,-1.72,-3.63,12,4,14,0,5,8,2141,2057,61.9,103.7,.358,.350,.534,51.3,42.4,7.6,10.7,.501,14.0,25.6,.248,61.9,99.6,.304,.335,.521,48.7,51.3,7.3,7.2,.483,14.9,23.1,.225
204,North Florida,/cbb/schools/north-florida/men/2015.html,True,35,23,12,.657,-0.82,-5.94,12,2,12,2,9,9,2651,2385,67.7,111.9,.391,.424,.585,50.7,56.4,9.0,9.9,.553,16.1,30.1,.283,67.7,100.7,.328,.278,.508,49.3,47.0,9.7,8.6,.476,15.3,31.3,.222
205,North Texas,/cbb/schools/north-texas/men/2015.html,False,31,14,17,.452,-4.95,-0.71,8,10,11,6,3,10,2025,2113,67.0,97.1,.403,.291,.506,49.5,42.7,10.0,9.9,.476,17.4,31.0,.254,67.0,101.3,.366,.398,.521,50.5,50.8,10.3,8.5,.488,17.3,32.5,.247
206,Northeastern,/cbb/schools/northeastern/men/2015.html,True,35,23,12,.657,2.03,-1.34,12,6,9,3,8,7,2397,2279,63.5,106.7,.413,.305,.581,54.2,59.7,8.1,9.3,.545,19.0,30.1,.300,63.5,101.5,.250,.287,.522,45.8,49.9,11.1,9.8,.498,13.8,25.2,.172
207,Northern Arizona,/cbb/schools/northern-arizona/men/2015.html,False,38,23,15,.605,-3.48,-4.13,13,5,13,2,8,12,2606,2556,65.3,104.1,.365,.337,.511,54.0,52.7,7.3,11.1,.462,14.9,35.7,.274,65.3,102.1,.381,.330,.524,46.0,45.5,8.2,9.2,.482,14.6,26.3,.274
208,Northern Colorado,/cbb/schools/northern-colorado/men/2015.html,False,30,15,15,.500,-6.82,-6.21,10,8,12,3,3,11,2242,2203,64.1,114.7,.356,.316,.567,49.5,46.0,10.0,6.1,.536,13.7,33.7,.254,64.1,112.7,.407,.391,.583,50.5,55.1,6.7,9.5,.552,17.4,34.1,.286
209,Northern Illinois,/cbb/schools/northern-illinois/men/2015.html,False,30,14,16,.467,-1.79,-0.14,8,10,10,5,4,11,1971,1989,64.0,101.4,.476,.305,.521,52.7,44.5,11.6,8.4,.477,18.4,36.7,.324,64.0,102.3,.401,.432,.548,47.3,54.5,10.5,10.4,.513,18.7,30.3,.278
210,Northern Iowa,/cbb/schools/northern-iowa/men/2015.html,True,35,31,4,.886,12.54,2.00,16,2,16,0,9,3,2281,1912,57.4,111.9,.398,.399,.593,51.9,53.2,10.2,7.8,.559,15.9,27.0,.292,57.4,93.8,.270,.379,.489,48.1,48.5,8.2,8.5,.456,16.7,26.9,.192
211,Northern Kentucky,/cbb/schools/northern-kentucky/men/2015.html,False,30,13,17,.433,-6.85,-4.49,7,7,9,6,4,11,2117,2079,65.1,107.5,.299,.383,.547,50.1,48.7,8.8,8.4,.527,15.3,29.6,.197,65.1,105.6,.450,.365,.539,49.9,49.7,8.4,9.8,.493,14.4,29.3,.324
212,Northwestern,/cbb/schools/northwestern/men/2015.html,False,32,15,17,.469,6.11,7.20,6,12,11,7,3,8,2031,2066,60.5,103.0,.286,.380,.536,49.5,63.3,6.0,11.3,.504,15.8,27.6,.209,60.5,104.7,.328,.361,.514,50.5,59.5,8.5,7.8,.484,13.2,30.9,.219
213,Northwestern State,/cbb/schools/northwestern-state/men/2015.html,False,32,19,13,.594,-5.48,-4.52,13,5,11,4,7,8,2687,2656,75.1,111.8,.346,.361,.562,46.2,53.8,10.1,10.3,.525,14.1,30.9,.259,75.1,110.5,.356,.307,.562,53.8,53.7,7.9,8.2,.532,17.3,38.4,.250
214,Notre Dame,/cbb/schools/notre-dame/men/2015.html,True,38,32,6,.842,19.23,7.02,14,4,17,2,7,2,2963,2499,63.7,120.4,.367,.376,.612,49.8,54.9,10.4,9.1,.583,12.9,27.9,.272,63.7,101.6,.241,.315,.506,50.2,50.0,8.0,7.2,.479,14.7,32.2,.172
215,Oakland,/cbb/schools/oakland/men/2015.html,False,33,16,17,.485,-1.28,1.27,11,5,12,4,4,12,2450,2482,66.7,108.9,.375,.386,.561,50.1,60.3,8.7,4.5,.532,16.0,30.4,.257,66.7,110.3,.341,.357,.563,49.9,57.5,11.2,8.3,.534,14.2,29.9,.242
216,Ohio,/cbb/schools/ohio/men/2015.html,False,30,10,20,.333,-4.15,0.45,5,13,8,7,1,11,2028,2166,67.2,100.1,.290,.380,.531,48.3,46.9,7.6,11.0,.498,16.7,25.9,.213,67.2,106.9,.322,.346,.529,51.7,46.6,9.3,8.2,.493,13.3,30.5,.235
217,Ohio State,/cbb/schools/ohio-state/men/2015.html,True,35,24,11,.686,19.68,7.37,11,7,18,2,4,6,2635,2204,66.0,113.3,.347,.319,.567,51.5,55.4,11.4,14.6,.542,14.6,33.5,.236,66.0,94.7,.278,.377,.497,48.5,57.5,7.7,7.4,.464,18.5,32.0,.196
218,Oklahoma,/cbb/schools/oklahoma/men/2015.html,True,35,24,11,.686,18.65,9.94,12,6,14,1,5,6,2501,2196,67.4,105.2,.328,.338,.532,51.1,48.6,10.0,12.9,.493,15.1,31.5,.243,67.4,92.4,.284,.345,.470,48.9,49.4,9.4,9.7,.441,16.7,31.4,.186
219,Oklahoma State,/cbb/schools/oklahoma-state/men/2015.html,True,32,18,14,.563,12.95,9.63,8,10,12,4,3,8,2160,2011,64.6,103.6,.387,.388,.547,48.6,49.9,12.1,13.7,.507,16.6,27.8,.281,64.6,96.5,.417,.322,.502,51.4,52.4,9.3,11.0,.458,17.9,31.9,.286
220,Old Dominion,/cbb/schools/old-dominion/men/2015.html,False,35,27,8,.771,7.68,-0.15,13,5,20,0,5,5,2273,1999,61.1,105.6,.306,.329,.513,53.9,56.5,10.3,11.2,.486,14.5,36.0,.204,61.1,92.9,.408,.390,.499,46.1,50.3,7.7,7.4,.461,18.4,26.9,.269
221,Omaha,/cbb/schools/nebraska-omaha/men/2015.html,False,29,12,17,.414,-7.18,-5.14,5,11,7,6,5,11,2226,2256,73.4,103.7,.427,.313,.537,50.1,45.6,11.0,8.4,.497,15.9,30.6,.298,73.4,105.1,.388,.345,.567,49.9,57.0,8.6,9.0,.530,18.1,28.9,.284
222,Oral Roberts,/cbb/schools/oral-roberts/men/2015.html,False,34,19,15,.559,-3.83,-1.99,10,6,12,2,5,11,2377,2343,66.4,104.5,.431,.309,.531,49.7,47.1,8.7,10.2,.484,15.0,30.5,.310,66.4,103.0,.363,.307,.537,50.3,46.2,8.7,8.9,.502,16.9,30.3,.257
223,Oregon,/cbb/schools/oregon/men/2015.html,True,36,26,10,.722,11.43,7.65,13,5,17,2,6,4,2713,2550,68.0,109.3,.286,.339,.557,50.9,51.2,8.3,11.0,.524,14.7,30.8,.217,68.0,102.7,.346,.330,.513,49.1,47.6,8.1,6.8,.477,14.2,31.1,.241
224,Oregon State,/cbb/schools/oregon-state/men/2015.html,False,31,17,14,.548,5.93,4.97,8,10,15,2,2,9,1887,1834,62.1,97.6,.363,.314,.510,48.2,56.1,12.5,13.9,.472,16.5,29.0,.252,62.1,94.9,.450,.408,.506,51.8,60.4,9.8,9.0,.447,20.1,32.4,.333
225,Pacific,/cbb/schools/pacific/men/2015.html,False,31,12,19,.387,-3.19,3.31,4,14,6,8,5,8,1996,2115,62.0,102.5,.408,.358,.512,52.0,53.3,6.4,7.3,.479,16.7,35.6,.265,62.0,108.6,.437,.365,.551,48.0,59.3,8.2,12.0,.510,14.2,30.1,.312
226,Penn State,/cbb/schools/penn-state/men/2015.html,False,34,18,16,.529,7.77,7.10,4,14,10,6,3,8,2273,2250,65.8,100.2,.347,.359,.516,49.7,42.3,9.1,11.0,.480,15.8,29.7,.241,65.8,99.1,.415,.333,.500,50.3,52.5,8.4,10.1,.453,15.3,31.0,.291
227,Pennsylvania,/cbb/schools/pennsylvania/men/2015.html,False,28,9,19,.321,-8.32,-1.36,4,10,4,9,5,10,1687,1882,63.2,95.0,.359,.325,.523,50.4,54.9,8.6,7.4,.491,20.6,29.6,.242,63.2,106.0,.398,.371,.549,49.6,58.2,10.8,12.0,.512,15.8,29.1,.282
228,Pepperdine,/cbb/schools/pepperdine/men/2015.html,False,32,18,14,.563,3.86,2.80,10,8,10,5,7,7,2020,1972,64.2,98.3,.378,.278,.514,49.1,60.4,9.7,8.9,.466,16.7,28.9,.280,64.2,95.9,.338,.302,.488,50.9,54.9,10.4,8.8,.454,16.2,32.2,.225
229,Pittsburgh,/cbb/schools/pittsburgh/men/2015.html,False,34,19,15,.559,8.45,7.36,8,10,14,4,2,8,2279,2230,61.2,108.4,.348,.259,.524,51.5,67.2,8.0,7.9,.491,13.4,35.5,.238,61.2,106.1,.375,.314,.540,48.5,54.6,7.8,8.3,.503,15.1,31.2,.266
230,Portland,/cbb/schools/portland/men/2015.html,False,33,17,16,.515,3.06,2.67,7,11,9,7,5,7,2315,2253,64.6,106.9,.366,.315,.540,52.8,60.0,8.9,12.1,.503,15.8,35.2,.262,64.6,104.1,.360,.325,.529,47.2,48.8,10.0,8.0,.488,15.0,29.7,.263
231,Portland State,/cbb/schools/portland-state/men/2015.html,False,29,15,14,.517,-7.75,-4.86,9,9,9,4,6,9,2083,2098,67.2,106.4,.364,.308,.540,47.7,52.7,9.3,10.7,.498,14.4,28.1,.270,67.2,107.1,.309,.339,.552,52.3,57.2,8.4,7.9,.520,15.9,32.1,.226
232,Prairie View,/cbb/schools/prairie-view/men/2015.html,False,33,15,18,.455,-10.86,-8.20,12,6,7,3,7,12,2211,2280,69.2,96.8,.314,.277,.500,45.8,43.1,12.6,8.6,.473,17.6,32.1,.203,69.2,99.8,.510,.305,.524,54.2,50.6,9.5,9.6,.482,20.3,39.7,.339
233,Presbyterian,/cbb/schools/presbyterian/men/2015.html,False,32,10,22,.313,-16.26,-4.51,6,12,7,8,3,11,1978,2214,63.3,97.7,.330,.257,.516,49.1,46.0,8.2,8.8,.489,17.8,29.5,.217,63.3,109.4,.280,.426,.547,50.9,58.5,10.9,7.4,.523,14.7,32.8,.194
234,Princeton,/cbb/schools/princeton/men/2015.html,False,31,16,14,.533,-1.34,-2.92,9,5,11,3,4,9,2066,1972,62.9,105.9,.452,.459,.584,48.8,58.1,8.5,8.3,.549,17.2,21.2,.322,62.9,101.1,.411,.300,.533,51.2,47.5,9.1,13.3,.492,16.3,26.0,.291
235,Providence,/cbb/schools/providence/men/2015.html,True,34,22,12,.647,13.71,9.50,11,7,13,4,5,6,2370,2227,65.7,105.4,.407,.289,.526,52.9,57.2,10.8,13.5,.484,15.3,35.1,.287,65.7,99.0,.393,.363,.520,47.1,54.1,8.7,8.0,.482,17.1,29.0,.271
236,Purdue,/cbb/schools/purdue/men/2015.html,True,34,21,13,.618,12.93,7.64,12,6,14,3,4,6,2375,2195,65.0,106.4,.417,.324,.539,53.5,61.1,8.3,13.6,.502,16.8,36.5,.285,65.0,98.3,.384,.305,.497,46.5,51.0,10.6,8.8,.454,15.1,30.9,.266
237,Purdue Fort Wayne,/cbb/schools/ipfw/men/2015.html,False,31,16,15,.516,-3.13,-3.41,9,7,10,5,6,9,2171,2081,65.4,107.1,.402,.386,.569,50.3,58.9,8.8,8.1,.539,16.0,25.2,.276,65.4,102.6,.264,.341,.534,49.7,47.9,8.1,9.2,.506,15.0,26.4,.189
238,Quinnipiac,/cbb/schools/quinnipiac/men/2015.html,False,30,15,15,.500,-1.46,-3.66,9,11,10,7,5,7,2092,2026,66.5,102.4,.355,.296,.494,57.9,58.2,5.2,14.0,.440,16.4,42.1,.274,66.5,99.1,.334,.308,.489,42.1,51.2,9.7,7.8,.452,12.1,26.5,.230
239,Radford,/cbb/schools/radford/men/2015.html,False,34,22,12,.647,-3.89,-5.53,12,6,12,3,8,8,2476,2301,66.1,108.5,.357,.326,.544,52.1,50.4,10.6,10.9,.513,15.2,35.2,.247,66.1,100.8,.349,.286,.513,47.9,44.8,9.8,8.8,.476,16.1,31.7,.244
240,Rhode Island,/cbb/schools/rhode-island/men/2015.html,False,33,23,10,.697,9.31,2.87,13,5,14,2,7,5,2232,1986,66.5,101.3,.469,.278,.527,52.2,55.3,9.8,14.9,.491,17.6,32.7,.307,66.5,90.1,.457,.268,.483,47.8,48.8,9.9,10.6,.437,19.0,29.0,.302
241,Rice,/cbb/schools/rice/men/2015.html,False,32,12,20,.375,-2.86,-0.79,8,10,7,7,4,10,2052,2107,62.8,99.4,.339,.493,.547,48.8,59.6,9.2,6.2,.510,19.7,27.4,.251,62.8,102.1,.398,.330,.526,51.2,58.4,10.6,13.6,.494,16.8,31.3,.262
242,Richmond,/cbb/schools/richmond/men/2015.html,False,35,21,14,.600,8.65,3.77,12,6,16,4,4,9,2313,2142,61.9,104.5,.329,.373,.549,45.4,56.2,10.9,8.9,.521,14.1,22.2,.227,61.9,96.8,.335,.293,.501,54.6,42.6,7.4,9.0,.460,17.9,33.3,.239
243,Rider,/cbb/schools/rider/men/2015.html,False,33,21,12,.636,-1.60,-3.11,15,5,10,3,11,5,2153,2103,64.6,99.9,.356,.335,.514,50.3,51.0,10.9,8.3,.494,16.5,31.1,.215,64.6,97.6,.377,.384,.521,49.7,56.8,10.0,7.9,.475,18.8,29.6,.278
244,Robert Morris,/cbb/schools/robert-morris/men/2015.html,True,35,20,15,.571,-3.02,-3.50,12,6,10,6,8,8,2414,2397,66.7,102.6,.355,.306,.536,47.9,50.1,12.8,8.1,.501,17.2,31.0,.252,66.7,101.9,.376,.364,.524,52.1,62.2,9.5,9.1,.493,18.3,35.9,.248
245,Rutgers,/cbb/schools/rutgers/men/2015.html,False,32,10,22,.313,0.23,8.11,2,16,6,10,2,10,1898,2150,64.9,91.3,.326,.294,.469,49.0,49.9,8.6,10.7,.436,17.1,30.5,.212,64.9,103.5,.320,.376,.526,51.0,56.4,9.9,8.5,.498,15.6,31.4,.216
246,Sacramento State,/cbb/schools/sacramento-state/men/2015.html,False,33,21,12,.636,-4.62,-5.45,13,5,13,2,7,9,2342,2250,63.5,111.7,.355,.295,.580,48.3,55.4,11.0,7.1,.547,14.9,27.9,.261,63.5,107.3,.323,.370,.560,51.7,59.1,8.5,9.4,.529,17.1,32.1,.232
247,Sacred Heart,/cbb/schools/sacred-heart/men/2015.html,False,32,15,17,.469,-7.36,-5.97,9,9,10,5,4,12,2360,2367,69.2,103.7,.358,.277,.528,51.0,53.7,9.2,8.7,.502,16.4,34.0,.232,69.2,104.0,.336,.346,.526,49.0,48.2,10.7,8.0,.490,15.8,32.5,.240
248,Saint Francis (PA),/cbb/schools/saint-francis-pa/men/2015.html,False,32,16,16,.500,-5.68,-4.97,9,9,10,3,6,13,2061,2050,63.8,100.2,.348,.410,.535,47.8,51.9,10.2,7.5,.506,17.1,25.8,.234,63.8,99.7,.301,.357,.522,52.2,48.1,9.2,9.5,.490,17.5,30.7,.214
249,Saint Joseph's,/cbb/schools/saint-josephs/men/2015.html,False,31,13,18,.419,-0.23,2.58,7,11,10,5,3,11,1912,1999,64.1,94.8,.352,.328,.481,50.1,57.3,10.2,11.9,.453,16.3,31.4,.217,64.1,99.1,.313,.336,.511,49.9,57.3,9.5,9.2,.483,16.4,30.4,.209
250,Saint Louis,/cbb/schools/saint-louis/men/2015.html,False,32,11,21,.344,-5.38,2.43,3,15,9,9,1,10,1912,2122,63.7,93.0,.420,.333,.502,47.2,60.0,8.3,6.7,.465,18.9,27.3,.275,63.7,103.3,.436,.331,.547,52.8,57.6,10.7,13.2,.513,18.4,31.8,.295
251,Saint Mary's (CA),/cbb/schools/saint-marys-ca/men/2015.html,False,31,21,10,.677,8.68,3.78,13,5,14,5,7,4,2141,1984,62.5,108.8,.350,.367,.558,55.3,62.0,8.0,6.2,.526,16.3,33.6,.250,62.5,100.8,.330,.319,.517,44.7,55.4,9.6,8.9,.481,13.6,24.4,.234
252,Saint Peter's,/cbb/schools/saint-peters/men/2015.html,False,34,16,18,.471,-2.95,-3.92,8,12,7,6,7,10,2081,2048,61.4,98.3,.440,.332,.508,50.1,49.3,10.1,9.6,.469,16.8,31.4,.290,61.4,96.7,.458,.363,.508,49.9,52.0,9.5,10.2,.452,18.0,30.5,.334
253,Sam Houston,/cbb/schools/sam-houston-state/men/2015.html,False,35,26,9,.743,2.97,-6.03,15,3,16,2,8,5,2592,2101,67.3,108.9,.455,.410,.540,55.0,61.0,9.6,11.7,.496,15.9,36.4,.321,67.3,88.3,.402,.291,.475,45.0,57.0,8.8,9.4,.436,18.5,26.6,.260
254,Samford,/cbb/schools/samford/men/2015.html,False,32,13,19,.406,-9.41,-5.57,6,12,8,6,4,11,2216,2301,67.2,102.6,.376,.335,.535,48.0,54.2,10.9,8.3,.502,16.7,30.2,.257,67.2,106.6,.459,.314,.563,52.0,58.8,9.7,11.6,.531,18.4,33.4,.309
255,San Diego,/cbb/schools/san-diego/men/2015.html,False,31,15,16,.484,5.03,3.47,8,10,9,4,4,8,2006,1949,63.3,101.4,.386,.344,.518,49.2,56.2,10.1,10.5,.480,15.9,30.5,.265,63.3,98.5,.416,.278,.520,50.8,51.3,8.4,10.2,.478,18.2,31.3,.289
256,San Diego State,/cbb/schools/san-diego-state/men/2015.html,True,36,27,9,.750,11.81,4.24,14,4,16,1,6,5,2226,1939,60.8,100.7,.362,.308,.496,52.4,47.1,11.2,14.1,.467,15.4,35.4,.228,60.8,87.7,.252,.321,.465,47.6,46.4,9.0,10.5,.433,18.4,29.7,.175
257,San Francisco,/cbb/schools/san-francisco/men/2015.html,False,32,14,18,.438,3.08,2.83,7,11,8,8,4,8,2215,2167,65.6,104.8,.409,.344,.535,50.5,56.6,8.8,7.2,.510,15.4,31.1,.257,65.6,102.5,.384,.365,.527,49.5,52.9,7.8,8.3,.490,16.4,30.4,.267
258,San Jose State,/cbb/schools/san-jose-state/men/2015.html,False,30,2,28,.067,-16.22,1.92,0,18,2,13,0,12,1612,2086,64.3,83.2,.305,.428,.452,45.8,53.2,7.5,7.5,.418,19.3,24.9,.199,64.3,107.7,.417,.342,.553,54.2,61.1,11.4,9.5,.526,15.4,30.5,.274
259,Santa Clara,/cbb/schools/santa-clara/men/2015.html,False,32,14,18,.438,-0.38,4.12,7,11,9,6,3,9,2027,2136,61.3,102.9,.310,.380,.527,46.9,53.3,9.1,5.5,.491,15.0,28.4,.229,61.3,108.5,.414,.343,.550,53.1,59.5,8.4,10.9,.514,16.0,33.9,.290
260,Savannah State,/cbb/schools/savannah-state/men/2015.html,False,31,9,22,.290,-18.17,-6.27,5,11,7,5,2,16,1758,2072,65.1,86.8,.357,.256,.466,46.6,43.4,13.6,7.3,.442,21.4,30.7,.206,65.1,102.3,.502,.289,.581,53.4,52.7,13.8,13.3,.524,21.8,34.1,.348
261,Seattle,/cbb/schools/seattle/men/2015.html,False,34,18,16,.529,-5.85,-4.69,7,7,13,5,2,10,2123,2095,62.1,100.1,.366,.364,.540,53.0,63.6,8.7,4.7,.513,19.2,31.6,.243,62.1,98.8,.329,.404,.503,47.0,63.2,11.8,9.1,.463,15.1,27.9,.238
262,Seton Hall,/cbb/schools/seton-hall/men/2015.html,False,31,16,15,.516,7.95,7.56,6,12,10,5,3,9,2119,2107,66.0,102.7,.381,.349,.514,50.5,52.2,9.0,10.7,.482,15.7,34.7,.250,66.0,102.1,.379,.318,.510,49.5,54.7,10.0,10.2,.478,15.2,33.2,.249
263,Siena,/cbb/schools/siena/men/2015.html,False,31,11,20,.355,-6.93,-2.90,7,13,6,9,5,10,2164,2289,66.9,103.9,.419,.264,.520,49.0,54.9,11.2,10.4,.475,15.7,36.3,.297,66.9,110.0,.510,.342,.567,51.0,50.8,9.6,10.4,.514,17.9,37.1,.382
264,South Alabama,/cbb/schools/south-alabama/men/2015.html,False,33,12,21,.364,-9.46,-3.04,9,11,7,8,4,12,2275,2438,68.5,99.5,.421,.353,.523,49.3,46.3,6.9,8.5,.479,17.9,30.7,.296,68.5,106.6,.345,.289,.525,50.7,47.8,9.3,9.0,.490,13.4,32.7,.242
265,South Carolina,/cbb/schools/south-carolina/men/2015.html,False,33,17,16,.515,10.55,8.24,6,12,10,6,3,7,2146,2046,65.3,99.6,.370,.329,.502,51.6,59.5,9.7,12.3,.454,16.5,35.2,.273,65.3,94.9,.438,.363,.498,48.4,51.4,9.1,11.1,.445,18.2,31.5,.314
266,South Carolina State,/cbb/schools/south-carolina-state/men/2015.html,False,33,11,22,.333,-17.37,-7.46,7,9,6,5,4,14,1965,2203,65.0,91.3,.332,.329,.460,48.0,51.0,9.3,9.0,.432,16.2,31.0,.200,65.0,102.4,.352,.368,.531,52.0,53.6,9.0,10.9,.506,17.4,32.6,.229
267,South Carolina Upstate,/cbb/schools/south-carolina-upstate/men/2015.html,False,36,24,12,.667,-2.28,-7.50,8,6,14,5,9,7,2579,2198,64.9,110.4,.297,.406,.532,52.7,56.9,12.1,9.6,.510,13.9,37.2,.194,64.9,94.1,.292,.402,.485,47.3,53.8,8.0,7.3,.455,17.8,32.0,.194
268,South Dakota,/cbb/schools/south-dakota/men/2015.html,False,33,17,16,.515,-4.90,-3.48,9,7,8,6,8,7,2309,2312,65.8,104.0,.338,.306,.517,51.3,47.8,8.3,6.8,.477,14.3,31.9,.247,65.8,104.2,.347,.352,.545,48.7,52.8,7.8,8.4,.506,15.4,27.0,.256
269,South Dakota State,/cbb/schools/south-dakota-state/men/2015.html,False,35,24,11,.686,3.32,-3.23,12,4,13,0,7,9,2572,2277,66.6,109.5,.407,.382,.562,51.2,49.4,8.1,10.0,.525,14.8,28.8,.290,66.6,96.9,.403,.322,.500,48.8,50.0,9.4,8.8,.463,15.9,28.2,.265
270,South Florida,/cbb/schools/south-florida/men/2015.html,False,32,9,23,.281,-4.96,2.56,3,15,8,9,1,13,1970,2189,64.4,94.5,.323,.260,.496,48.8,48.6,8.8,13.5,.473,18.0,31.5,.200,64.4,105.0,.423,.338,.523,51.2,55.3,10.3,10.3,.485,15.8,34.7,.288
271,Southeast Missouri State,/cbb/schools/southeast-missouri-state/men/2015.html,False,30,13,17,.433,-5.23,-3.73,7,9,9,5,4,9,2087,2064,67.2,103.0,.368,.328,.527,50.3,50.9,10.8,12.0,.496,16.6,32.4,.246,67.2,101.9,.410,.318,.536,49.7,51.4,8.7,6.6,.500,17.7,30.9,.282
272,Southeastern Louisiana,/cbb/schools/southeastern-louisiana/men/2015.html,False,32,9,23,.281,-10.97,-6.14,6,12,6,6,3,16,2186,2324,68.4,98.7,.331,.336,.537,48.8,48.2,8.8,9.5,.511,19.5,29.1,.220,68.4,104.9,.344,.360,.542,51.2,50.9,9.6,10.7,.505,16.7,32.4,.249
273,Southern,/cbb/schools/southern/men/2015.html,False,35,18,17,.514,-9.95,-8.23,13,5,9,4,7,10,2259,2226,66.3,96.7,.409,.255,.499,49.7,44.8,10.3,11.1,.462,17.0,32.4,.268,66.3,95.3,.437,.317,.483,50.3,46.1,9.0,8.5,.437,17.4,33.7,.292
274,Southern California,/cbb/schools/southern-california/men/2015.html,False,32,12,20,.375,2.15,6.15,3,15,8,8,2,9,2143,2271,68.8,95.9,.338,.278,.496,48.8,50.4,9.3,10.7,.468,17.1,31.5,.214,68.8,101.6,.312,.353,.514,51.2,53.0,9.8,8.8,.480,16.2,34.3,.221
275,Southern Illinois,/cbb/schools/southern-illinois/men/2015.html,False,33,12,21,.364,-3.48,-0.60,4,14,8,7,2,12,1968,2044,61.7,96.6,.410,.257,.506,51.4,40.2,10.9,7.2,.461,17.9,31.1,.288,61.7,100.4,.400,.359,.553,48.7,58.0,9.7,8.7,.512,19.1,26.3,.292
276,SIU Edwardsville,/cbb/schools/southern-illinois-edwardsville/men/2015.html,False,28,12,16,.429,-7.28,-4.54,8,8,11,3,1,12,1909,1884,67.3,100.8,.378,.340,.528,49.5,52.3,9.4,11.5,.495,17.2,30.0,.255,67.3,99.5,.373,.327,.517,50.5,57.5,8.8,10.1,.483,17.3,31.2,.253
277,Southern Methodist,/cbb/schools/southern-methodist/men/2015.html,True,34,27,7,.794,12.94,3.57,15,3,16,2,8,4,2350,2032,63.3,108.8,.440,.229,.555,55.0,63.0,11.0,14.7,.517,16.8,37.1,.309,63.3,94.1,.310,.453,.488,45.0,60.9,10.4,9.2,.455,17.5,29.4,.210
278,Southern Mississippi,/cbb/schools/southern-mississippi/men/2015.html,False,29,9,20,.310,-10.03,-0.06,4,14,8,7,1,13,1742,1978,63.0,94.6,.358,.385,.518,46.6,57.0,9.7,6.8,.493,19.5,27.0,.225,63.0,107.4,.316,.407,.554,53.4,57.7,11.2,10.9,.528,17.3,34.1,.218
279,Southern Utah,/cbb/schools/southern-utah/men/2015.html,False,29,10,19,.345,-11.98,-5.48,7,11,5,7,4,11,2011,2146,68.0,101.1,.390,.349,.552,47.9,49.1,7.2,9.9,.524,17.7,23.3,.261,68.0,107.9,.503,.305,.552,52.1,50.1,9.4,8.3,.509,14.2,28.8,.351
280,St. Bonaventure,/cbb/schools/st-bonaventure/men/2015.html,False,31,18,13,.581,3.93,1.34,10,8,8,6,7,6,2085,2005,65.1,102.5,.379,.292,.513,52.9,52.3,10.1,13.5,.471,15.9,35.0,.268,65.1,98.6,.339,.344,.515,47.1,57.6,9.0,9.2,.484,17.1,29.0,.228
281,St. Francis (NY),/cbb/schools/st-francis-ny/men/2015.html,False,35,23,12,.657,-2.14,-6.20,15,3,12,4,9,7,2418,2262,65.7,104.0,.403,.330,.506,54.7,51.5,10.0,12.7,.466,16.1,39.8,.274,65.7,97.3,.402,.265,.516,45.3,47.8,9.5,7.8,.474,17.7,28.6,.281
282,St. John's (NY),/cbb/schools/st-johns-ny/men/2015.html,True,33,21,12,.636,11.85,9.04,10,8,16,4,4,6,2343,2240,67.6,104.6,.363,.301,.529,47.4,48.9,11.0,16.8,.494,13.7,28.4,.251,67.6,100.0,.333,.358,.496,52.6,56.1,7.6,8.5,.466,16.2,34.9,.218
283,Stanford,/cbb/schools/stanford/men/2015.html,False,37,24,13,.649,12.33,7.33,9,9,16,3,4,8,2676,2491,65.5,108.6,.405,.312,.537,53.0,47.9,8.3,7.4,.494,13.8,33.6,.294,65.5,101.1,.365,.323,.518,47.0,51.9,7.1,8.4,.484,15.0,27.8,.249
284,Stephen F. Austin,/cbb/schools/stephen-f-austin/men/2015.html,True,34,29,5,.853,8.61,-4.20,17,1,15,1,10,3,2672,2188,68.0,115.2,.427,.370,.594,54.2,65.4,11.2,10.0,.557,17.5,37.9,.314,68.0,94.3,.493,.279,.532,45.8,47.8,8.8,9.6,.485,22.2,29.3,.343
285,Stetson,/cbb/schools/stetson/men/2015.html,False,31,9,22,.290,-16.22,-6.68,3,11,7,7,1,15,2064,2290,67.2,99.1,.340,.341,.518,47.0,52.2,6.7,9.0,.490,16.1,27.2,.223,67.2,109.9,.321,.375,.541,53.0,52.9,9.2,9.0,.507,14.0,33.6,.232
286,Stony Brook,/cbb/schools/stony-brook/men/2015.html,False,35,23,12,.657,-0.03,-4.03,12,4,13,2,9,10,2290,2102,63.6,102.6,.324,.288,.496,55.8,50.3,8.1,12.3,.465,15.3,37.7,.215,63.6,94.1,.310,.356,.493,44.2,56.1,9.9,7.9,.457,15.8,24.9,.217
287,Syracuse,/cbb/schools/syracuse/men/2015.html,False,31,18,13,.581,11.91,7.68,9,9,13,5,4,7,2096,1965,66.1,101.5,.354,.290,.505,51.1,61.3,12.5,14.6,.474,15.1,33.5,.234,66.1,95.2,.300,.374,.499,48.9,65.8,9.5,8.0,.464,18.1,31.4,.211
288,TCU,/cbb/schools/texas-christian/men/2015.html,False,33,18,15,.545,11.10,5.32,4,14,13,6,2,8,2249,2058,64.7,104.6,.465,.254,.509,51.9,55.0,9.6,13.6,.479,15.2,37.5,.286,64.7,95.7,.480,.245,.491,48.1,50.4,8.8,10.8,.441,17.0,33.4,.322
289,Temple,/cbb/schools/temple/men/2015.html,False,37,26,11,.703,8.20,3.52,13,5,17,2,7,5,2436,2263,65.1,100.7,.356,.359,.485,50.8,54.9,10.5,12.0,.442,12.3,31.8,.249,65.1,93.6,.335,.328,.479,49.2,52.3,7.7,10.8,.445,16.1,29.2,.219
290,Tennessee,/cbb/schools/tennessee/men/2015.html,False,32,16,16,.500,7.23,8.16,7,11,9,7,5,5,2025,2055,61.2,103.0,.323,.343,.515,51.1,48.3,12.6,12.4,.482,16.4,37.0,.223,61.2,104.5,.435,.431,.555,48.9,66.6,8.4,9.2,.519,19.4,33.3,.303
291,Tennessee State,/cbb/schools/tennessee-state/men/2015.html,False,31,5,26,.161,-14.93,-2.38,2,14,5,8,0,17,1793,2111,64.7,89.4,.419,.314,.483,47.8,48.1,8.3,11.2,.450,19.4,27.8,.259,64.7,105.2,.408,.423,.531,52.2,59.4,9.7,10.4,.496,15.5,32.3,.275
292,Tennessee Tech,/cbb/schools/tennessee-tech/men/2015.html,False,30,12,18,.400,-6.49,-3.99,4,12,10,4,2,14,2118,2095,67.7,103.9,.350,.302,.522,53.4,51.4,9.1,9.9,.490,16.9,36.9,.237,67.7,102.7,.407,.355,.544,46.6,51.7,11.0,7.0,.511,17.1,28.9,.276
293,Tennessee-Martin,/cbb/schools/tennessee-martin/men/2015.html,False,34,21,13,.618,-2.12,-3.90,10,6,9,3,12,9,2390,2224,63.3,109.9,.317,.371,.565,53.1,51.6,8.2,5.5,.538,15.7,30.7,.224,63.3,102.2,.280,.380,.528,46.9,53.9,9.0,9.1,.499,14.4,25.3,.198
294,Texas,/cbb/schools/texas/men/2015.html,True,34,20,14,.588,16.16,9.07,8,10,13,5,4,7,2290,2049,62.9,105.9,.365,.341,.531,56.0,55.5,5.9,20.0,.491,16.8,37.9,.265,62.9,94.7,.348,.308,.460,44.0,50.6,9.9,8.7,.421,12.0,28.6,.231
295,Texas A&M,/cbb/schools/texas-am/men/2015.html,False,33,21,12,.636,10.73,5.91,11,7,14,4,5,6,2236,2077,64.3,104.6,.380,.293,.533,53.4,60.2,8.7,9.7,.504,16.3,34.2,.250,64.3,97.1,.364,.428,.506,46.6,60.2,9.5,11.1,.468,16.8,28.2,.251
296,Texas A&M-Corpus Christi,/cbb/schools/texas-am-corpus-christi/men/2015.html,False,34,20,14,.588,-5.58,-6.43,13,5,10,4,8,8,2266,2192,64.2,103.5,.525,.297,.540,49.5,47.3,10.5,8.2,.495,17.0,30.9,.361,64.2,100.1,.456,.356,.520,50.5,53.7,8.8,7.5,.476,17.9,33.0,.315
297,Texas Southern,/cbb/schools/texas-southern/men/2015.html,True,35,22,13,.629,-5.98,-6.09,16,2,9,1,10,11,2390,2386,64.5,103.6,.468,.312,.531,50.0,45.8,9.3,7.7,.495,16.8,33.8,.309,64.5,103.5,.331,.283,.520,50.0,47.7,9.9,10.4,.493,15.8,34.6,.216
298,Texas State,/cbb/schools/texas-state/men/2015.html,False,31,14,17,.452,-5.25,-3.36,7,13,9,6,4,10,1905,1854,63.4,95.0,.368,.308,.493,48.2,52.0,11.2,7.5,.452,17.0,29.2,.254,63.4,92.5,.368,.338,.506,51.8,51.9,9.5,9.0,.462,20.7,31.5,.263
299,Texas Tech,/cbb/schools/texas-tech/men/2015.html,False,32,13,19,.406,3.77,7.20,3,15,13,6,0,10,1949,2059,63.0,95.9,.461,.325,.497,50.7,54.6,9.2,12.7,.457,18.4,34.6,.296,63.0,101.3,.371,.384,.525,49.3,52.8,11.5,11.3,.492,17.2,32.6,.251
300,Texas-Rio Grande Valley,/cbb/schools/texas-pan-american/men/2015.html,False,31,10,21,.323,-14.46,-4.68,4,10,8,4,1,15,1927,2179,65.0,95.6,.405,.269,.502,47.2,60.6,8.5,9.1,.461,17.8,30.6,.274,65.0,108.1,.327,.363,.538,52.8,57.6,10.8,8.8,.503,15.8,36.6,.237
301,The Citadel,/cbb/schools/citadel/men/2015.html,False,30,11,19,.367,-12.91,-4.68,6,12,8,6,3,10,1919,2058,60.3,105.2,.380,.359,.566,49.8,60.9,7.7,6.4,.522,18.8,32.0,.292,60.3,112.9,.286,.364,.562,50.2,46.6,11.1,10.4,.536,14.3,33.5,.205
302,Toledo,/cbb/schools/toledo/men/2015.html,False,33,20,13,.606,4.86,0.62,11,7,10,4,9,7,2483,2343,67.2,111.1,.412,.290,.565,52.8,50.1,7.6,9.0,.523,15.6,33.3,.306,67.2,104.9,.310,.382,.528,47.2,50.4,10.4,8.4,.497,14.0,29.5,.218
303,Towson,/cbb/schools/towson/men/2015.html,False,32,12,20,.375,-7.02,-3.80,5,13,4,9,6,10,2034,2080,61.6,101.6,.469,.256,.496,56.2,42.1,5.6,11.4,.451,17.1,41.5,.311,61.6,103.9,.441,.331,.515,43.8,52.0,9.7,11.6,.469,12.9,28.8,.310
304,Troy,/cbb/schools/troy/men/2015.html,False,29,10,19,.345,-8.72,-5.09,5,15,5,9,4,10,1946,2013,66.5,100.0,.391,.368,.524,48.8,40.2,9.9,5.7,.492,18.1,31.5,.259,66.5,103.4,.285,.367,.528,51.2,52.3,9.6,9.3,.499,16.7,34.1,.202
305,Tulane,/cbb/schools/tulane/men/2015.html,False,31,15,16,.484,-1.51,0.32,6,12,9,8,6,5,1973,1984,63.6,98.1,.341,.359,.499,51.3,49.9,9.6,5.4,.470,16.7,33.2,.221,63.6,98.6,.362,.295,.524,48.7,50.6,9.4,12.1,.496,18.0,28.9,.237
306,Tulsa,/cbb/schools/tulsa/men/2015.html,False,34,23,11,.676,6.66,2.81,14,4,13,5,8,4,2188,2064,64.1,99.6,.410,.322,.503,51.4,49.5,9.0,10.3,.468,15.2,31.1,.266,64.1,94.0,.317,.386,.489,48.6,53.0,8.1,9.6,.459,17.2,28.4,.208
307,UAB,/cbb/schools/alabama-birmingham/men/2015.html,True,36,20,16,.556,1.94,1.62,12,6,13,4,3,8,2476,2452,65.9,101.5,.350,.297,.520,51.0,59.1,9.7,13.0,.477,16.8,34.2,.259,65.9,100.5,.329,.320,.509,49.0,49.7,9.1,10.0,.476,16.5,32.9,.225
308,UC Davis,/cbb/schools/california-davis/men/2015.html,False,32,25,7,.781,2.19,-2.58,14,2,14,0,10,6,2263,2068,62.9,111.1,.378,.387,.606,49.4,54.8,8.1,5.5,.576,18.6,28.5,.277,62.9,101.5,.326,.348,.509,50.6,54.1,10.7,7.8,.474,15.8,33.8,.227
309,UC Irvine,/cbb/schools/california-irvine/men/2015.html,True,34,21,13,.618,3.63,0.45,11,5,10,3,6,9,2295,2113,63.7,105.2,.292,.301,.544,51.2,56.2,8.9,12.6,.520,15.8,30.2,.200,63.7,96.8,.346,.289,.483,48.8,49.3,8.9,7.4,.442,14.9,30.5,.240
310,UC Riverside,/cbb/schools/california-riverside/men/2015.html,False,31,14,17,.452,-4.65,-1.16,7,9,12,3,2,13,2025,2050,65.2,99.0,.350,.357,.513,51.2,56.4,10.2,9.7,.479,17.3,31.3,.239,65.2,100.2,.415,.299,.526,48.8,52.4,9.4,10.4,.482,16.5,28.1,.296
311,UC Santa Barbara,/cbb/schools/california-santa-barbara/men/2015.html,False,33,19,14,.576,3.47,0.98,11,5,12,2,4,10,2258,2112,62.7,107.1,.312,.328,.536,50.9,62.4,8.1,10.3,.500,14.6,31.6,.229,62.7,100.1,.384,.337,.517,49.1,55.7,7.4,5.5,.471,16.0,29.8,.281
312,UCF,/cbb/schools/central-florida/men/2015.html,False,30,12,18,.400,-5.73,0.78,5,13,10,8,2,9,1981,2153,64.0,100.7,.356,.356,.523,47.5,52.4,7.9,10.2,.497,17.1,30.7,.229,64.0,109.5,.273,.305,.527,52.5,54.9,10.3,11.4,.510,13.2,36.5,.169
313,UCLA,/cbb/schools/ucla/men/2015.html,True,36,22,14,.611,12.07,8.27,11,7,16,1,2,8,2590,2453,67.3,106.1,.357,.289,.527,52.6,53.5,9.8,11.0,.496,14.9,33.8,.242,67.3,100.5,.323,.385,.518,47.4,58.4,9.3,8.0,.485,15.6,28.6,.225
314,UNC Asheville,/cbb/schools/north-carolina-asheville/men/2015.html,False,31,15,16,.484,-7.19,-5.65,10,8,8,6,6,10,2242,2183,69.0,104.5,.349,.368,.542,50.5,54.2,10.6,12.6,.505,17.4,32.4,.253,69.0,101.7,.415,.346,.521,49.5,55.8,11.0,9.4,.481,16.4,32.2,.285
315,UNC Greensboro,/cbb/schools/north-carolina-greensboro/men/2015.html,False,33,11,22,.333,-7.99,-4.36,6,12,6,10,4,9,2290,2337,67.1,102.7,.323,.316,.524,50.4,47.7,9.2,9.8,.499,15.9,31.4,.210,67.1,104.8,.467,.364,.549,49.6,50.2,8.8,8.0,.504,16.5,29.8,.333
316,UNC Wilmington,/cbb/schools/north-carolina-wilmington/men/2015.html,False,32,18,14,.563,-2.53,-1.92,12,6,10,2,7,11,2239,2200,67.9,101.9,.369,.254,.519,49.7,45.4,11.1,11.6,.486,15.5,31.5,.249,67.9,100.1,.463,.307,.519,50.3,49.8,9.1,8.3,.475,17.5,32.0,.317
317,UT Arlington,/cbb/schools/texas-arlington/men/2015.html,False,31,16,15,.516,-3.59,-2.76,10,10,9,5,7,9,2220,2206,70.2,101.6,.383,.365,.530,50.3,51.2,9.4,10.1,.497,17.8,32.1,.258,70.2,100.9,.413,.403,.518,49.7,53.8,9.4,11.5,.472,16.9,32.8,.294
318,Utah,/cbb/schools/utah/men/2015.html,True,35,26,9,.743,20.98,7.42,13,5,16,1,6,5,2496,1999,62.6,113.5,.432,.372,.588,53.7,57.6,9.5,13.5,.557,16.1,31.6,.303,62.6,90.9,.337,.293,.470,46.3,43.6,8.9,9.9,.430,16.1,27.9,.230
319,Utah State,/cbb/schools/utah-state/men/2015.html,False,31,18,13,.581,2.92,0.28,11,7,11,5,7,7,2064,1973,63.0,104.4,.363,.370,.552,45.8,61.7,7.5,12.4,.525,14.7,21.9,.244,63.0,99.8,.293,.357,.486,54.2,57.3,9.6,7.7,.457,14.2,34.0,.194
320,Utah Valley,/cbb/schools/utah-valley/men/2015.html,False,30,11,19,.367,-12.72,-4.87,5,9,8,5,3,13,1758,1923,62.5,93.8,.334,.368,.493,49.8,62.8,7.1,6.8,.455,17.7,29.3,.232,62.5,102.6,.355,.346,.527,50.2,51.6,10.9,11.0,.489,15.5,29.0,.253
321,UTEP,/cbb/schools/texas-el-paso/men/2015.html,False,33,22,11,.667,4.89,-0.51,13,5,13,2,5,7,2282,2104,65.4,105.4,.438,.295,.550,50.7,56.5,8.2,10.7,.520,16.4,29.2,.289,65.4,97.1,.319,.320,.499,49.3,50.5,9.4,7.9,.469,16.1,29.8,.211
322,UTSA,/cbb/schools/texas-san-antonio/men/2015.html,False,30,14,16,.467,-3.33,-2.61,8,10,7,8,7,7,2120,2111,66.9,105.1,.416,.345,.520,51.6,51.6,10.6,6.8,.478,15.4,35.8,.291,66.9,104.7,.295,.393,.552,48.4,54.6,9.8,14.6,.522,17.7,31.3,.214
323,Valparaiso,/cbb/schools/valparaiso/men/2015.html,True,34,28,6,.824,6.29,-2.00,13,3,15,1,8,4,2366,2021,63.8,108.6,.368,.338,.548,55.1,52.9,9.3,14.1,.520,16.4,35.6,.248,63.8,92.8,.327,.382,.485,44.9,56.3,10.5,9.0,.446,16.6,26.9,.230
324,Vanderbilt,/cbb/schools/vanderbilt/men/2015.html,False,35,21,14,.600,11.89,6.22,9,9,15,4,5,8,2472,2252,63.4,109.8,.430,.367,.578,51.4,64.6,7.5,14.3,.544,17.5,32.3,.305,63.4,100.0,.341,.328,.499,48.6,49.2,10.3,9.1,.462,15.3,32.6,.236
325,Vermont,/cbb/schools/vermont/men/2015.html,False,34,20,14,.588,1.21,-5.52,12,4,13,4,7,10,2279,2012,64.3,103.5,.420,.302,.558,51.2,55.7,9.8,14.0,.524,17.8,27.0,.291,64.3,91.4,.399,.295,.481,48.8,47.6,10.5,10.4,.431,17.4,28.2,.282
326,Villanova,/cbb/schools/villanova/men/2015.html,True,36,33,3,.917,23.13,7.55,16,2,15,0,9,2,2754,2193,65.0,116.9,.418,.429,.589,51.5,62.2,11.8,11.0,.553,14.0,32.5,.305,65.0,93.1,.304,.322,.488,48.5,54.0,8.3,8.6,.455,18.4,31.2,.207
327,Virginia,/cbb/schools/virginia/men/2015.html,True,34,30,4,.882,21.73,7.81,16,2,15,1,11,1,2224,1751,58.6,110.8,.349,.275,.543,56.0,53.5,9.3,13.3,.506,13.4,34.2,.254,58.6,87.2,.286,.366,.454,44.0,49.5,8.5,7.4,.423,15.7,24.3,.185
328,Virginia Commonwealth,/cbb/schools/virginia-commonwealth/men/2015.html,True,36,26,10,.722,12.79,6.10,12,6,12,4,8,4,2609,2368,66.4,106.5,.373,.399,.518,49.2,50.9,14.0,12.5,.487,13.2,31.8,.245,66.4,96.7,.378,.351,.530,50.8,56.8,8.6,9.6,.495,20.5,30.6,.262
329,VMI,/cbb/schools/virginia-military-institute/men/2015.html,False,30,11,19,.367,-9.85,-3.92,7,11,6,7,4,9,2415,2428,77.5,102.2,.293,.520,.511,48.3,49.2,10.8,12.7,.482,16.0,32.7,.200,77.5,102.7,.418,.247,.549,51.7,46.6,10.1,12.9,.515,18.6,33.0,.286
330,Virginia Tech,/cbb/schools/virginia-tech/men/2015.html,False,33,11,22,.333,1.29,5.32,2,16,9,9,0,11,2156,2289,64.1,101.2,.319,.354,.536,45.2,50.7,6.8,8.6,.515,16.1,25.9,.204,64.1,107.4,.338,.389,.535,54.8,56.7,8.1,13.1,.508,15.8,36.6,.226
331,Wagner,/cbb/schools/wagner/men/2015.html,False,30,10,20,.333,-11.47,-4.99,8,10,8,5,2,15,2052,2206,67.8,99.2,.341,.318,.489,52.1,44.9,9.4,7.8,.450,16.7,37.7,.238,67.8,106.6,.529,.344,.572,47.9,56.9,10.1,11.5,.532,18.0,30.1,.366
332,Wake Forest,/cbb/schools/wake-forest/men/2015.html,False,32,13,19,.406,4.62,7.68,5,13,11,7,2,10,2209,2307,68.6,99.5,.415,.339,.510,52.2,59.2,9.4,10.3,.478,16.5,31.8,.265,68.6,103.9,.352,.352,.539,47.8,52.0,11.7,10.6,.509,15.0,26.4,.239
333,Washington,/cbb/schools/washington/men/2015.html,False,31,16,15,.516,5.57,4.83,5,13,8,7,3,7,2128,2105,66.2,103.3,.339,.331,.524,49.6,53.9,7.4,11.9,.493,15.1,31.2,.232,66.2,102.2,.317,.295,.504,50.4,47.8,9.1,8.2,.470,14.2,33.2,.219
334,Washington State,/cbb/schools/washington-state/men/2015.html,False,31,13,18,.419,0.14,6.08,7,11,8,6,3,9,2189,2373,67.6,103.2,.397,.366,.538,48.0,61.0,5.7,7.8,.496,15.3,26.4,.286,67.6,111.8,.341,.296,.552,52.0,48.2,8.8,8.6,.524,12.2,30.3,.236
335,Weber State,/cbb/schools/weber-state/men/2015.html,False,30,13,17,.433,-7.29,-3.50,8,10,8,6,4,9,2010,2041,64.8,102.6,.450,.400,.545,50.1,55.9,8.1,9.9,.494,17.9,29.1,.337,64.8,104.2,.307,.278,.530,49.9,47.3,9.9,9.5,.498,14.8,29.8,.219
336,West Virginia,/cbb/schools/west-virginia/men/2015.html,True,35,25,10,.714,15.12,9.29,11,7,12,3,5,5,2542,2338,68.7,104.9,.404,.336,.499,52.1,56.7,15.5,8.7,.461,15.1,40.2,.267,68.7,96.5,.555,.322,.569,47.9,53.3,8.3,10.3,.527,24.8,30.9,.383
337,Western Carolina,/cbb/schools/western-carolina/men/2015.html,False,32,15,17,.469,-5.83,-3.56,9,9,7,5,6,10,2251,2284,66.8,103.3,.354,.313,.524,50.2,46.9,11.9,14.2,.488,16.8,35.0,.248,66.8,104.8,.510,.407,.547,49.8,55.5,11.3,9.2,.497,18.1,33.9,.365
338,Western Illinois,/cbb/schools/western-illinois/men/2015.html,False,28,8,20,.286,-13.81,-2.93,3,13,8,6,0,13,1747,1983,67.9,91.5,.300,.348,.495,46.3,54.2,7.8,6.3,.461,16.6,20.9,.209,67.9,103.9,.366,.328,.535,53.7,50.6,9.0,9.2,.500,15.0,27.8,.257
339,Western Kentucky,/cbb/schools/western-kentucky/men/2015.html,False,32,20,12,.625,1.12,-0.44,12,6,13,3,5,8,2285,2149,67.9,103.9,.378,.376,.531,51.4,57.5,8.0,9.0,.503,16.1,31.6,.247,67.9,97.8,.334,.352,.510,48.6,51.2,9.3,9.5,.479,16.9,29.1,.226
340,Western Michigan,/cbb/schools/western-michigan/men/2015.html,False,34,20,14,.588,0.25,0.19,10,8,13,3,5,9,2401,2354,64.8,107.7,.416,.360,.556,50.4,51.8,9.9,7.1,.520,15.8,30.9,.292,64.8,105.6,.357,.409,.551,49.6,53.1,9.1,8.8,.516,16.7,30.2,.257
341,Wichita State,/cbb/schools/wichita-state/men/2015.html,True,35,30,5,.857,15.56,3.68,17,1,15,0,10,2,2460,2008,61.9,112.7,.370,.347,.541,53.6,55.3,11.5,11.3,.507,12.6,34.9,.259,61.9,92.0,.368,.309,.497,46.4,45.4,6.5,9.2,.456,18.7,26.8,.255
342,William & Mary,/cbb/schools/william-mary/men/2015.html,False,33,20,13,.606,2.82,-1.15,12,6,12,2,6,10,2414,2208,64.6,112.4,.357,.426,.598,49.7,58.4,9.5,12.0,.568,15.8,25.1,.262,64.6,102.8,.305,.381,.525,50.3,55.1,10.6,8.0,.495,15.2,29.0,.211
343,Winthrop,/cbb/schools/winthrop/men/2015.html,False,32,19,13,.594,-3.90,-7.38,12,6,11,3,6,9,2356,2159,67.4,107.6,.367,.387,.555,49.6,47.8,10.2,11.6,.518,15.4,30.2,.266,67.4,98.6,.378,.337,.504,50.4,45.4,8.9,10.0,.463,16.8,32.1,.263
344,Wisconsin,/cbb/schools/wisconsin/men/2015.html,True,40,36,4,.900,24.61,10.29,16,2,15,1,10,2,2900,2327,59.5,121.2,.362,.374,.585,54.7,49.7,7.3,8.2,.548,10.7,32.1,.276,59.5,97.2,.224,.257,.503,45.3,40.0,6.8,6.3,.477,14.0,23.7,.159
345,Wofford,/cbb/schools/wofford/men/2015.html,True,35,28,7,.800,2.56,-2.98,16,2,13,1,10,5,2331,2089,62.7,106.2,.382,.331,.547,51.1,56.4,10.4,7.2,.516,15.1,29.1,.262,62.7,95.2,.357,.317,.507,48.9,43.0,8.4,9.5,.467,17.8,26.9,.251
346,Wright State,/cbb/schools/wright-state/men/2015.html,False,31,11,20,.355,-6.41,-1.14,3,13,4,8,6,10,1989,2107,64.4,98.8,.324,.353,.532,46.0,56.9,8.3,7.0,.502,16.6,23.3,.225,64.4,104.6,.404,.330,.552,54.0,54.4,8.5,10.2,.509,17.5,30.6,.297
347,Wyoming,/cbb/schools/wyoming/men/2015.html,True,35,25,10,.714,3.81,-0.04,11,7,17,2,5,7,2151,1974,58.3,103.1,.394,.397,.560,49.9,67.1,9.2,8.9,.526,16.9,22.3,.277,58.3,94.6,.260,.355,.495,50.1,49.0,9.0,8.1,.465,15.9,26.4,.183
348,Xavier,/cbb/schools/xavier/men/2015.html,True,37,23,14,.622,15.42,9.48,9,9,13,3,5,7,2712,2492,65.6,109.8,.385,.331,.570,52.8,62.3,9.0,8.3,.534,15.8,31.3,.281,65.6,100.9,.333,.371,.529,47.2,54.7,9.9,9.9,.500,16.4,27.3,.226
349,Yale,/cbb/schools/yale/men/2015.html,False,33,22,10,.688,3.53,-0.87,11,4,9,3,11,6,2164,1931,60.4,106.9,.392,.357,.547,54.4,59.1,9.3,11.3,.510,17.0,35.4,.278,60.4,95.4,.320,.329,.499,45.6,49.1,9.7,9.3,.467,16.7,27.7,.217
350,Youngstown State,/cbb/schools/youngstown-state/men/2015.html,False,32,11,21,.344,-7.63,-1.73,2,14,6,9,3,12,2287,2394,68.2,104.0,.367,.322,.533,47.4,55.8,8.7,5.6,.499,14.9,28.2,.255,68.2,108.8,.359,.350,.550,52.6,55.8,8.9,9.5,.518,15.3,33.4,.252
